0.0001,-3.792529287051752e-12
0.0002,-2.846266565981618e-12
0.00030000000000000003,-2.3051928871557206e-12
0.0004,-1.9320246514068068e-12
0.0005,-1.651872524374651e-12
0.0006000000000000001,-1.4310920987208907e-12
0.0007,-1.2515626454892507e-12
0.0008,-1.1023556972493004e-12
0.0009000000000000001,-9.76347136096374e-13
0.001,-8.686211380080565e-13
0.0011,-7.756355172458824e-13
0.0012000000000000001,-6.94749608926829e-13
0.0013000000000000002,-6.239403093893277e-13
0.0014,-5.616226245205946e-13
0.0015,-5.065315431569731e-13
0.0016,-4.576415712618875e-13
0.0017000000000000001,-4.141102987762829e-13
0.0018000000000000002,-3.752378142512115e-13
0.0019,-3.404368712006286e-13
0.002,-3.092105324733116e-13
0.0021000000000000003,-2.811351311401981e-13
0.0022,-2.558470856765607e-13
0.0023,-2.330325586357606e-13
0.0024000000000000002,-2.1241924636470702e-13
0.0025,-1.9376978871895789e-13
0.0026000000000000003,-1.7687642632565688e-13
0.0027,-1.615566299806443e-13
0.0028,-1.4764949579791183e-13
0.0029000000000000002,-1.3501274955848757e-13
0.003,-1.2352024015905745e-13
0.0031000000000000003,-1.1305982906099138e-13
0.0032,-1.0353160287008764e-13
0.0033,-9.484635149670182e-14
0.0034000000000000002,-8.692426606278521e-14
0.0035,-7.969381976750557e-14
0.0036000000000000003,-7.309080196676924e-14
0.0037,-6.705748125194025e-14
0.0038,-6.154187768806014e-14
0.0039000000000000003,-5.6497127858224484e-14
0.004,-5.1880929157943943e-14
0.0041,-4.765505204201981e-14
0.004200000000000001,-4.378491076147527e-14
0.0043,-4.02391846274698e-14
0.0044,-3.698948307097313e-14
0.0045000000000000005,-3.4010048784260435e-14
0.0046,-3.1277494074512586e-14
0.0047,-2.8770566263679016e-14
0.0048000000000000004,-2.6469938558217204e-14
0.0049,-2.43580233080418e-14
0.005,-2.2418804992577754e-14
0.0051,-2.06376906265718e-14
0.005200000000000001,-1.900137558009157e-14
0.0053,-1.749772306473736e-14
0.0054,-1.611565575869461e-14
0.0055000000000000005,-1.484505823277721e-14
0.0056,-1.3676689002914487e-14
0.0057,-1.260210117565067e-14
0.0058000000000000005,-1.1613570775499438e-14
0.0059,-1.0704031949218934e-14
0.006,-9.867018334580922e-15
0.0061,-9.096609961962328e-15
0.006200000000000001,-8.387385127740586e-15
0.0063,-7.734376740423195e-15
0.0064,-7.133032694871084e-15
0.006500000000000001,-6.5791798778905344e-15
0.0066,-6.068991450729607e-15
0.0067,-5.59895709135563e-15
0.0068000000000000005,-5.16585591243983e-15
0.006900000000000001,-4.766731800274978e-15
0.007,-4.398870945867908e-15
0.0071,-4.059781362583896e-15
0.007200000000000001,-3.747174205322187e-15
0.0073,-3.4589467245743667e-15
0.0074,-3.1931667051225345e-15
0.007500000000000001,-2.9480582538010714e-15
0.0076,-2.7219888138746356e-15
0.0077,-2.5134572953504524e-15
0.0078000000000000005,-2.321083221098171e-15
0.0079,-2.1435967981302057e-15
0.008,-1.9798298319176358e-15
0.0081,-1.8287074092857237e-15
0.0082,-1.6892402823405522e-15
0.0083,-1.5605178921056188e-15
0.008400000000000001,-1.44170197616599e-15
0.0085,-1.3320207096916869e-15
0.0086,-1.2307633337975509e-15
0.008700000000000001,-1.1372752293443028e-15
0.0088,-1.0509533980393058e-15
0.0089,-9.71242316095456e-16
0.009000000000000001,-8.976301287881985e-16
0.0091,-8.2964515704532115e-16
0.0092,-7.668526897403669e-16
0.009300000000000001,-7.088520376634732e-16
0.0094,-6.552738272358002e-16
0.0095,-6.057775139358036e-16
0.009600000000000001,-5.600490971356875e-16
0.0097,-5.177990196207814e-16
0.0098,-4.787602364979715e-16
0.0099,-4.4268643950515086e-16
0.01,-4.09350423923537e-16
0.010100000000000001,-3.7854258637967706e-16
0.0102,-3.5006954281356695e-16
0.0103,-3.23752856792299e-16
0.010400000000000001,-2.9942786917303293e-16
0.0105,-2.7694262087186297e-16
0.0106,-2.561568611829187e-16
0.010700000000000001,-2.3694113472056067e-16
0.0108,-2.1917594063214194e-16
0.0109,-2.027509582543078e-16
0.011000000000000001,-1.8756433386654517e-16
0.0111,-1.7352202363563012e-16
0.0112,-1.6053718824731792e-16
0.011300000000000001,-1.4852963509039326e-16
0.0114,-1.3742530419592557e-16
0.0115,-1.2715579444402742e-16
0.011600000000000001,-1.1765792683398619e-16
0.0117,-1.0887334187359573e-16
0.0118,-1.0074812838185505e-16
0.0119,-9.323248121780408e-17
0.012,-8.628038564878955e-17
0.012100000000000001,-7.984932625545088e-17
0.0122,-7.390001843958273e-17
0.0123,-6.839616075603851e-17
0.012400000000000001,-6.330420643216952e-17
0.0125,-5.859315256899368e-17
0.0126,-5.423434563834581e-17
0.012700000000000001,-5.020130200055626e-17
0.0128,-4.6469542268554973e-17
0.0129,-4.301643843744043e-17
0.013000000000000001,-3.9821072784175466e-17
0.0131,-3.686410762078834e-17
0.0132,-3.412766505683672e-17
0.013300000000000001,-3.159521599346647e-17
0.0134,-2.925147763262379e-17
0.0135,-2.7082318841313885e-17
0.013600000000000001,-2.5074672762628944e-17
0.0137,-2.3216456112966986e-17
0.013800000000000002,-2.149649464876119e-17
0.013900000000000001,-1.990445432645204e-17
0.014,-1.843077771663543e-17
0.014100000000000001,-1.7066625267576186e-17
0.0142,-1.5803821044821116e-17
0.0143,-1.463480260269758e-17
0.014400000000000001,-1.3552574670245635e-17
0.0145,-1.2550666358782633e-17
0.0146,-1.1623091621013548e-17
0.014700000000000001,-1.0764312712528226e-17
0.0148,-9.969206425813937e-18
0.0149,-9.233032884686303e-18
0.015000000000000001,-8.551406703426778e-18
0.0151,-7.920270330018156e-18
0.0152,-7.335869406793682e-18
0.015300000000000001,-6.7947299946552845e-18
0.0154,-6.293637518854289e-18
0.0155,-5.829617305246429e-18
0.015600000000000001,-5.399916586002213e-18
0.015700000000000002,-5.0019878630417165e-18
0.0158,-4.633473526030257e-18
0.0159,-4.292191629675615e-18
0.016,-3.976122742359962e-18
0.0161,-3.683397784867862e-18
0.0162,-3.412286784181285e-18
0.016300000000000002,-3.161188473042183e-18
0.0164,-2.9286206712717512e-18
0.0165,-2.713211389716373e-18
0.0166,-2.5136906021960497e-18
0.0167,-2.3288826349901162e-18
0.016800000000000002,-2.157699127234952e-18
0.016900000000000002,-1.999132519153523e-18
0.017,-1.8522500283098477e-18
0.0171,-1.7161880771041882e-18
0.0172,-1.5901471375158422e-18
0.0173,-1.4733869616782148e-18
0.017400000000000002,-1.3652221692515612e-18
0.0175,-1.2650181647577187e-18
0.0176,-1.1721873600722308e-18
0.0177,-1.0861856791456127e-18
0.0178,-1.0065093237586983e-18
0.0179,-9.326917807183918e-19
0.018000000000000002,-8.643010523795905e-19
0.0181,-8.009370937460593e-19
0.0182,-7.422294406661061e-19
0.0183,-6.878350148061832e-19
0.0184,-6.374360921641044e-19
0.018500000000000003,-5.907384228804506e-19
0.018600000000000002,-5.47469491028011e-19
0.0187,-5.073769039106131e-19
0.0188,-4.702269011897856e-19
0.0189,-4.358029748851857e-19
0.019,-4.039045919672598e-19
0.019100000000000002,-3.7434601188232445e-19
0.019200000000000002,-3.469551919249916e-19
0.0193,-3.21572773904243e-19
0.0194,-2.980511460407937e-19
0.0195,-2.762535744875938e-19
0.0196,-2.560533992853934e-19
0.019700000000000002,-2.3733328995366603e-19
0.0198,-2.19984556276381e-19
0.0199,-2.039065101742268e-19
0.02,-1.8900587486210646e-19
0.0201,-1.7519623777476346e-19
0.020200000000000003,-1.623975440061754e-19
0.020300000000000002,-1.5053562725136273e-19
0.0204,-1.3954177546403643e-19
0.0205,-1.2935232865143853e-19
0.0206,-1.199083064200521e-19
0.0207,-1.1115506306378074e-19
0.020800000000000003,-1.0304196815078602e-19
0.020900000000000002,-9.552211071743785e-20
0.021,-8.855202531870258e-20
0.0211,-8.209143831462839e-20
0.0212,-7.610303289316957e-20
0.0213,-7.055223144116635e-20
0.021400000000000002,-6.540699397853146e-20
0.021500000000000002,-6.063763146622193e-20
0.0216,-5.621663288696471e-20
0.0217,-5.2118505079508174e-20
0.0218,-4.831962438286102e-20
0.0219,-4.4798099217033416e-20
0.022000000000000002,-4.153364279162593e-20
0.0221,-3.850745519360678e-20
0.0222,-3.57021141611484e-20
0.0223,-3.3101473901791784e-20
0.0224,-3.069057136077193e-20
0.022500000000000003,-2.845553938937007e-20
0.022600000000000002,-2.6383526303912637e-20
0.0227,-2.446262136376095e-20
0.0228,-2.2681785731556593e-20
0.0229,-2.1030788511312535e-20
0.023,-1.9500147489865003e-20
0.023100000000000002,-1.8081074234903123e-20
0.023200000000000002,-1.676542322844006e-20
0.0233,-1.554564473833078e-20
0.0234,-1.4414741152425172e-20
0.0235,-1.3366226520294814e-20
0.0236,-1.2394089066314748e-20
0.023700000000000002,-1.1492756455327814e-20
0.0238,-1.0657063608272012e-20
0.0239,-9.882222880108282e-21
0.024,-9.163796426235235e-21
0.0241,-8.49767059640139e-21
0.024200000000000003,-7.88003220700024e-21
0.024300000000000002,-7.30734655362986e-21
0.0244,-6.776337035981331e-21
0.0245,-6.2839662765507945e-21
0.0246,-5.827418623402086e-21
0.0247,-5.404083935294628e-21
0.024800000000000003,-5.011542554980956e-21
0.024900000000000002,-4.647551383414862e-21
0.025,-4.310030974035353e-21
0.0251,-3.997053572241741e-21
0.0252,-3.7068320306858416e-21
0.0253,-3.437709536111519e-21
0.025400000000000002,-3.1881500881993705e-21
0.025500000000000002,-2.9567296752533398e-21
0.0256,-2.7421280956217474e-21
0.0257,-2.543121377502759e-21
0.0258,-2.3585747532638234e-21
0.025900000000000003,-2.1874361476287404e-21
0.026000000000000002,-2.028730142071864e-21
0.0261,-1.8815523805252794e-21
0.0262,-1.7450643840675002e-21
0.0263,-1.6184887446358196e-21
0.0264,-1.5011046700038112e-21
0.026500000000000003,-1.39224385430275e-21
0.026600000000000002,-1.2912866502531623e-21
0.0267,-1.197658521021298e-21
0.0268,-1.1108267512354016e-21
0.0269,-1.0302973981974762e-21
0.027,-9.556124657168988e-22
0.027100000000000003,-8.863472842805507e-22
0.027200000000000002,-8.221080824678966e-22
0.0273,-7.625297356253723e-22
0.0274,-7.072736788393472e-22
0.0275,-6.5602597219632075e-22
0.027600000000000003,-6.084955071988956e-22
0.027700000000000002,-5.644123440212757e-22
0.027800000000000002,-5.23526170043424e-22
0.0279,-4.8560487080298565e-22
0.028,-4.50433205152685e-22
0.0281,-4.1781157701194604e-22
0.028200000000000003,-3.8755489665843105e-22
0.028300000000000002,-3.5949152502133105e-22
0.0284,-3.334622949164734e-22
0.0285,-3.093196036066031e-22
0.0286,-2.869265714808692e-22
0.0287,-2.6615626202823267e-22
0.028800000000000003,-2.468909586322559e-22
0.028900000000000002,-2.2902149404165443e-22
0.029,-2.1244662867397376e-22
0.0291,-1.97072474190543e-22
0.0292,-1.8281195904109395e-22
0.029300000000000003,-1.6958433291762433e-22
0.029400000000000003,-1.5731470728061914e-22
0.029500000000000002,-1.45933629327912e-22
0.0296,-1.3537668696851116e-22
0.0297,-1.2558414254166674e-22
0.0298,-1.1650059318642307e-22
0.029900000000000003,-1.0807465591980038e-22
0.030000000000000002,-1.0025867562344931e-22
0.030100000000000002,-9.300845426998887e-23
0.0302,-8.628299984199144e-23
0.0303,-8.004429350942759e-23
0.0304,-7.425707373599522e-23
0.030500000000000003,-6.888863608172574e-23
0.030600000000000002,-6.390864755913926e-23
0.0307,-5.928897448353466e-23
0.0308,-5.500352283524588e-23
0.0309,-5.102809022327033e-23
0.031,-4.7340228606057126e-23
0.031100000000000003,-4.391911698675518e-23
0.031200000000000002,-4.074544335725695e-23
0.0313,-3.780129521823779e-23
0.031400000000000004,-3.507005805140795e-23
0.0315,-3.253632116562487e-23
0.0316,-3.0185790380633766e-23
0.0317,-2.800520705125957e-23
0.0318,-2.5982272971064617e-23
0.031900000000000005,-2.4105580728054802e-23
0.032,-2.2364549116127888e-23
0.032100000000000004,-2.0749363234801742e-23
0.0322,-1.9250918936508915e-23
0.0323,-1.7860771305529223e-23
0.0324,-1.6571086875629038e-23
0.0325,-1.5374599314778392e-23
0.032600000000000004,-1.4264568325085104e-23
0.0327,-1.3234741524397645e-23
0.0328,-1.227931909301968e-23
0.0329,-1.1392920984724452e-23
0.033,-1.0570556515859736e-23
0.033100000000000004,-9.807596159873602e-24
0.0332,-9.099745387141889e-24
0.0333,-8.443020401619306e-24
0.0334,-7.833725636627774e-24
0.0335,-7.26843288209999e-24
0.033600000000000005,-6.743961924877837e-24
0.0337,-6.257362592265019e-24
0.033800000000000004,-5.8058980970132085e-24
0.0339,-5.387029589316355e-24
0.034,-4.99840182824719e-24
0.0341,-4.637829891430397e-24
0.0342,-4.303286847643269e-24
0.034300000000000004,-3.992892322505154e-24
0.0344,-3.7049018924861334e-24
0.0345,-3.4376972471691374e-24
0.0346,-3.1897770640600654e-24
0.0347,-2.959748544283265e-24
0.034800000000000005,-2.74631956125086e-24
0.0349,-2.5482913778704652e-24
0.035,-2.364551891081043e-24
0.0351,-2.1940693654971317e-24
0.0352,-2.035886620714037e-24
0.035300000000000005,-1.8891156393992063e-24
0.0354,-1.7529325656789345e-24
0.035500000000000004,-1.6265730655418473e-24
0.0356,-1.5093280230315008e-24
0.0357,-1.4005395479023354e-24
0.0358,-1.299597272177574e-24
0.0359,-1.205934914683387e-24
0.036000000000000004,-1.1190270941509506e-24
0.0361,-1.0383863728850893e-24
0.0362,-9.635605143030645e-25
0.0363,-8.941299388575482e-25
0.0364,-8.297053639799051e-25
0.036500000000000005,-7.699256147213157e-25
0.0366,-7.144555927343368e-25
0.0367,-6.629843921332555e-25
0.0368,-6.152235516018589e-25
0.0369,-5.709054328875773e-25
0.037000000000000005,-5.29781716535317e-25
0.0371,-4.9162200637688315e-25
0.037200000000000004,-4.562125349063707e-25
0.0373,-4.233549622419993e-25
0.0374,-3.9286526190332666e-25
0.0375,-3.6457268712332e-25
0.0376,-3.3831881186933205e-25
0.037700000000000004,-3.1395664116904887e-25
0.0378,-2.913497857285466e-25
0.0379,-2.703716961926251e-25
0.038,-2.5090495273412024e-25
0.0381,-2.328406059710832e-25
0.038200000000000005,-2.1607756550039125e-25
0.0383,-2.0052203260485934e-25
0.038400000000000004,-1.8608697394014375e-25
0.0385,-1.7269163323882595e-25
0.0386,-1.6026107828337787e-25
0.038700000000000005,-1.4872578059863338e-25
0.0388,-1.3802122549874547e-25
0.038900000000000004,-1.280875502947626e-25
0.039,-1.1886920862762049e-25
0.0391,-1.1031465903854693e-25
0.0392,-1.0237607602546479e-25
0.0393,-9.50090819605937e-26
0.039400000000000004,-8.817249836199905e-26
0.0395,-8.182811512078488e-26
0.0396,-7.59404763867608e-26
0.0397,-7.047668190919409e-26
0.0398,-6.540620271624767e-26
0.039900000000000005,-6.070071009742539e-26
0.04,-5.633391692820434e-26
0.040100000000000004,-5.228143044548166e-26
0.0402,-4.852061564690133e-26
0.0403,-4.503046854687138e-26
0.040400000000000005,-4.179149857754841e-26
0.0405,-3.878561947447582e-26
0.040600000000000004,-3.599604803429263e-26
0.0407,-3.340721017618115e-26
0.0408,-3.1004653779787835e-26
0.0409,-2.8774967810442745e-26
0.041,-2.670570727784191e-26
0.041100000000000005,-2.4785323607139266e-26
0.0412,-2.3003100031809998e-26
0.0413,-2.134909164585832e-26
0.0414,-1.9814069779124287e-26
0.0415,-1.838947038371923e-26
0.041600000000000005,-1.706734614215697e-26
0.0417,-1.5840322028639561e-26
0.041800000000000004,-1.4701554074353257e-26
0.0419,-1.3644691105614478e-26
0.042,-1.2663839240396629e-26
0.042100000000000005,-1.1753528944252009e-26
0.0422,-1.0908684461005778e-26
0.042300000000000004,-1.01245954469277e-26
0.0424,-9.39689064945155e-27
0.0425,-8.721513482980501e-27
0.0426,-8.094699364963501e-27
0.0427,-7.512954685296924e-27
0.042800000000000005,-6.973037291270827e-27
0.0429,-6.47193837877506e-27
0.043000000000000003,-6.006865688367451e-27
0.0431,-5.5752279121229365e-27
0.0432,-5.174620223968246e-27
0.043300000000000005,-4.8028108525072564e-27
0.0434,-4.457728621182696e-27
0.043500000000000004,-4.1374513860427805e-27
0.0436,-3.840195306411113e-27
0.0437,-3.564304888423872e-27
0.0438,-3.308243745730437e-27
0.0439,-3.0705860256686504e-27
0.044000000000000004,-2.8500084529558426e-27
0.0441,-2.6452829463934806e-27
0.0442,-2.4552697672933335e-27
0.0443,-2.2789111613103388e-27
0.0444,-2.115225458129384e-27
0.044500000000000005,-1.9633015960174284e-27
0.0446,-1.8222940406298586e-27
0.044700000000000004,-1.691418069667292e-27
0.0448,-1.5699453970266126e-27
0.0449,-1.4572001119894101e-27
0.045000000000000005,-1.3525549107546177e-27
0.0451,-1.2554275992570078e-27
0.045200000000000004,-1.1652778477316957e-27
0.0453,-1.081604178892387e-27
0.0454,-1.0039411728984335e-27
0.0455,-9.318568734976722e-28
0.0456,-8.649503808575677e-28
0.045700000000000005,-8.028496176407875e-28
0.0458,-7.452092558500937e-28
0.0459,-6.917087928663059e-28
0.046,-6.420507659371288e-28
0.0461,-5.9595909514836995e-28
0.046200000000000005,-5.531775456274703e-28
0.0463,-5.134683003953289e-28
0.046400000000000004,-4.766106359009302e-28
0.0465,-4.423996928469858e-28
0.0466,-4.106453354471108e-28
0.046700000000000005,-3.811710927492634e-28
0.0468,-3.53813176118437e-28
0.046900000000000004,-3.2841956739710044e-28
0.047,-3.0484917265661523e-28
0.0471,-2.8297103681907375e-28
0.0472,-2.6266361476905224e-28
0.0473,-2.4381409489003954e-28
0.047400000000000005,-2.263177712531253e-28
0.0475,-2.1007746095706447e-28
0.0476,-1.9500296337088029e-28
0.0477,-1.810105582641164e-28
0.0478,-1.6802254002679527e-28
0.047900000000000005,-1.5596678538264158e-28
0.048,-1.4477635218595083e-28
0.048100000000000004,-1.3438910706597158e-28
0.0482,-1.2474737984361453e-28
0.0483,-1.1579764279462257e-28
0.048400000000000006,-1.07490212971998e-28
0.0485,-9.97789759290472e-29
0.048600000000000004,-9.262112930380158e-29
0.0487,-8.597694483633453e-29
0.0488,-7.980954749326146e-29
0.0489,-7.408471046913973e-29
0.049,-6.877066492296823e-29
0.049100000000000005,-6.383792339017479e-29
0.0492,-5.925911588668091e-29
0.049300000000000004,-5.500883779241645e-29
0.0494,-5.106350866728078e-29
0.0495,-4.74012412135086e-29
0.049600000000000005,-4.400171965491499e-29
0.0497,-4.0846086855996724e-29
0.049800000000000004,-3.791683955254105e-29
0.0499,-3.519773111061014e-29
0.05,-3.267368127269142e-29
0.050100000000000006,-3.033069238874537e-29
0.0502,-2.8155771665991225e-29
0.050300000000000004,-2.6136859004803655e-29
0.0504,-2.4262760019204684e-29
0.0505,-2.2523083869301295e-29
0.0506,-2.090818555982672e-29
0.0507,-1.940911238379959e-29
0.050800000000000005,-1.8017554213405406e-29
0.0509,-1.6725797361614896e-29
0.051000000000000004,-1.5526681757937482e-29
0.0511,-1.4413561200156145e-29
0.0512,-1.3380266461007034e-29
0.051300000000000005,-1.2421071044664154e-29
0.0514,-1.1530659402629216e-29
0.051500000000000004,-1.0704097432319452e-29
0.0516,-9.936805094344668e-30
0.0517,-9.224530996253936e-30
0.051800000000000006,-8.563328801475825e-30
0.0519,-7.949535332326726e-30
0.052000000000000005,-7.379750245388364e-30
0.0521,-6.850817166301975e-30
0.0522,-6.359806179141986e-30
0.0523,-5.90399757306929e-30
0.0524,-5.480866755953021e-30
0.052500000000000005,-5.088070251142458e-30
0.0526,-4.723432699591049e-30
0.052700000000000004,-4.384934795126309e-30
0.0528,-4.070702085847204e-30
0.0529,-3.778994579444922e-30
0.053000000000000005,-3.508197094713733e-30
0.0531,-3.256810305664704e-30
0.053200000000000004,-3.023442428506582e-30
0.0533,-2.8068015053295222e-30
0.0534,-2.6056882416452523e-30
0.053500000000000006,-2.4189893580136433e-30
0.0536,-2.2456714188438376e-30
0.053700000000000005,-2.0847751041082454e-30
0.0538,-1.9354098921697834e-30
0.0539,-1.7967491242057575e-30
0.054,-1.6680254228327247e-30
0.0541,-1.5485264395033679e-30
0.054200000000000005,-1.4375909070735427e-30
0.0543,-1.3346049756319418e-30
0.054400000000000004,-1.2389988112585605e-30
0.0545,-1.1502434388383061e-30
0.0546,-1.0678478114110993e-30
0.054700000000000006,-9.913560897982958e-31
0.0548,-9.203451174123339e-31
0.054900000000000004,-8.54422076240571e-31
0.055,-7.93222311000094e-31
0.0551,-7.36407309393682e-31
0.055200000000000006,-6.836628272640435e-31
0.0553,-6.346971482473705e-31
0.055400000000000005,-5.892394682741453e-31
0.0555,-5.470383959578578e-31
0.055600000000000004,-5.078605605554936e-31
0.0557,-4.714893197807695e-31
0.0558,-4.377235603049761e-31
0.055900000000000005,-4.063765842948444e-31
0.056,-3.7727507581403077e-31
0.056100000000000004,-3.502581413580568e-31
0.0562,-3.2517641920379822e-31
0.0563,-3.018912526363028e-31
0.056400000000000006,-2.8027392247019135e-31
0.0565,-2.602049346116743e-31
0.056600000000000004,-2.415733587125867e-31
0.0567,-2.2427621425121583e-31
0.0568,-2.082179006376556e-31
0.056900000000000006,-1.9330966818567465e-31
0.057,-1.7946912701960168e-31
0.057100000000000005,-1.6661979119515401e-31
0.0572,-1.5469065550836557e-31
0.057300000000000004,-1.4361580264800014e-31
0.0574,-1.3333403851506083e-31
0.0575,-1.2378855368919546e-31
0.057600000000000005,-1.1492660916668443e-31
0.0577,-1.0669924462930353e-31
0.057800000000000004,-9.906100762818036e-32
0.0579,-9.196970218274138e-32
0.058,-8.538615540239948e-32
0.058100000000000006,-7.927400083856084e-32
0.0582,-7.359947736720333e-32
0.058300000000000005,-6.833124248836631e-32
0.0584,-6.344019900877096e-32
0.0585,-5.889933414792915e-32
0.058600000000000006,-5.468357017695659e-32
0.0587,-5.076962576317289e-32
0.058800000000000005,-4.713588725289819e-32
0.0589,-4.3762289179906496e-32
0.059000000000000004,-4.0630203338087977e-32
0.0591,-3.772233580433014e-32
0.0592,-3.5022631341639326e-32
0.059300000000000005,-3.2516184653420605e-32
0.0594,-3.0189157997757535e-32
0.059500000000000004,-2.802870470576971e-32
0.0596,-2.6022898180811337e-32
0.0597,-2.416066598562311e-32
0.059800000000000006,-2.243172865272957e-32
0.0599,-2.0826542879514878e-32
0.060000000000000005,-1.9336248793693068e-32
0.0601,-1.795262099742212e-32
0.060200000000000004,-1.6668023119224392e-32
0.0603,-1.5475365622302098e-32
0.0604,-1.4368066635852764e-32
0.060500000000000005,-1.3340015592730625e-32
0.0606,-1.2385539472325288e-32
0.060700000000000004,-1.1499371461952038e-32
0.0608,-1.0676621863432253e-32
0.0609,-9.912751083964249e-33
0.061000000000000006,-9.20354456192346e-33
0.0611,-8.545089488933053e-33
0.061200000000000004,-7.93375319948818e-33
0.0613,-7.366163108642602e-33
0.0614,-6.839188086830881e-33
0.061500000000000006,-6.349921168849955e-33
0.0616,-5.895663501406256e-33
0.061700000000000005,-5.473909440483417e-33
0.0618,-5.0823327161488224e-33
0.061900000000000004,-4.718773588318805e-33
0.062,-4.3812269224860295e-33
0.0621,-4.0678311194981685e-33
0.062200000000000005,-3.776857838202686e-33
0.0623,-3.506702454155352e-33
0.062400000000000004,-3.2558752016618134e-33
0.0625,-3.0229929502000218e-33
0.0626,-2.8067715697783116e-33
0.0627,-2.606018843041708e-33
0.06280000000000001,-2.4196278849605757e-33
0.0629,-2.246571033743151e-33
0.063,-2.085894179217809e-33
0.0631,-1.9367114973503205e-33
0.0632,-1.7982005618052316e-33
0.06330000000000001,-1.6695978055458064e-33
0.0634,-1.550194307401408e-33
0.0635,-1.4393318803270714e-33
0.0636,-1.3363994397480538e-33
0.0637,-1.2408296319297155e-33
0.06380000000000001,-1.1520957037501816e-33
0.0639,-1.0697085965874668e-33
0.064,-9.932142482709614e-34
0.0641,-9.221910881972719e-34
0.06420000000000001,-8.562477117772095e-34
0.06430000000000001,-7.95020721372122e-34
0.0644,-7.38172721797333e-34
0.0645,-6.853904593244168e-34
0.0646,-6.363830939070505e-34
0.06470000000000001,-5.908805950907758e-34
0.0648,-5.486322527506323e-34
0.0649,-5.094052944346455e-34
0.065,-4.72983601680255e-34
0.0651,-4.391665182171386e-34
0.06520000000000001,-4.077677434776927e-34
0.0653,-3.7861430530738535e-34
0.0654,-3.5154560620470543e-34
0.0655,-3.2641253782644383e-34
0.0656,-3.0307665887101713e-34
0.06570000000000001,-2.814094318026073e-34
0.0658,-2.6129151420368055e-34
0.0659,-2.4261210084516113e-34
0.066,-2.2526831284359365e-34
0.0661,-2.0916463053448606e-34
0.06620000000000001,-1.9421236693251087e-34
0.0663,-1.803291788732338e-34
0.0664,-1.67438613139067e-34
0.0665,-1.5546968506531953e-34
0.0666,-1.4435648730141545e-34
0.06670000000000001,-1.3403782656889452e-34
0.0668,-1.2445688641229034e-34
0.0669,-1.1556091408244758e-34
0.067,-1.0730092982506998e-34
0.0671,-9.963145697087981e-35
0.06720000000000001,-9.251027133862771e-35
0.0673,-8.589816856874749e-35
0.0674,-7.975874810438054e-35
0.0675,-7.405821262839339e-35
0.06760000000000001,-6.876518185025644e-35
0.06770000000000001,-6.385051961586668e-35
0.0678,-5.928717338687478e-35
0.0679,-5.505002520434046e-35
0.068,-5.111575331490507e-35
0.06810000000000001,-4.7462703696466554e-35
0.0682,-4.4070770774985765e-35
0.0683,-4.0921286674731204e-35
0.0684,-3.799691839136171e-35
0.0685,-3.528157232092481e-35
0.06860000000000001,-3.276030561844606e-35
0.0687,-3.041924389743944e-35
0.0688,-2.8245504816643603e-35
0.0689,-2.6227127132766716e-35
0.069,-2.435300482815122e-35
0.06910000000000001,-2.2612825950273456e-35
0.0692,-2.0997015825966079e-35
0.0693,-1.949668433738042e-35
0.0694,-1.8103576969100538e-35
0.0695,-1.681002935661386e-35
0.06960000000000001,-1.560892508565409e-35
0.0697,-1.4493656509848742e-35
0.0698,-1.3458088370750412e-35
0.0699,-1.2496524019778706e-35
0.07,-1.160367405594394e-35
0.07010000000000001,-1.0774627206541177e-35
0.0702,-1.0004823290369196e-35
0.0703,-9.290028114506446e-36
0.0704,-8.626310166337608e-36
0.07050000000000001,-8.01001897241475e-36
0.07060000000000001,-7.437765004929497e-36
0.0707,-6.906401025099321e-36
0.0708,-6.413004760691036e-36
0.0709,-5.9548628222590877e-36
0.07100000000000001,-5.529455769499514e-36
0.0711,-5.134444245461785e-36
0.0712,-4.767656102243787e-36
0.0713,-4.4270744472588714e-36
0.0714,-4.1108265442365135e-36
0.07150000000000001,-3.817173507828079e-36
0.0716,-3.544500735062025e-36
0.0717,-3.2913090209516313e-36
0.0718,-3.056206309329318e-36
0.0719,-2.837900033480021e-36
0.07200000000000001,-2.6351900043958306e-36
0.0721,-2.4469618074912062e-36
0.0722,-2.2721806714184803e-36
0.0723,-2.1098857752249166e-36
0.0724,-1.9591849625058566e-36
0.07250000000000001,-1.8192498334516154e-36
0.0726,-1.6893111877664834e-36
0.0727,-1.5686547933708876e-36
0.0728,-1.4566174575925094e-36
0.0729,-1.3525833792172988e-36
0.07300000000000001,-1.255980761318989e-36
0.0731,-1.166278666221282e-36
0.0732,-1.082984095280615e-36
0.0733,-1.00563927741529e-36
0.0734,-9.338191514562372e-37
0.07350000000000001,-8.671290284621955e-37
0.0736,-8.0520242113266e-37
0.0737,-7.476990283723049e-37
0.0738,-6.943028639147308e-37
0.07390000000000001,-6.447205187065371e-37
0.07400000000000001,-5.9867954748912935e-37
0.0741,-5.5592697069953225e-37
0.0742,-5.162278834461852e-37
0.0743,-4.793641639053806e-37
0.07440000000000001,-4.451332740309887e-37
0.0745,-4.133471459785902e-37
0.0746,-3.838311481167279e-37
0.0747,-3.5642312493625504e-37
0.0748,-3.3097250557529464e-37
0.07490000000000001,-3.0733947605519473e-37
0.075,-2.8539421067340004e-37
0.0751,-2.6501615832476254e-37
0.0752,-2.460933798251863e-37
0.0753,-2.285219325920529e-37
0.07540000000000001,-2.122052992966172e-37
0.0755,-1.970538573454934e-37
0.0756,-1.8298438627299141e-37
0.0757,-1.6991961033475162e-37
0.0758,-1.5778777378676655e-37
0.07590000000000001,-1.4652224651373832e-37
0.076,-1.360611578377307e-37
0.0761,-1.2634705649308963e-37
0.0762,-1.1732659489762078e-37
0.0763,-1.0895023598361372e-37
0.07640000000000001,-1.0117198097648712e-37
0.0765,-9.394911662402928e-38
0.0766,-8.724198048621766e-38
0.0767,-8.101374299497794e-38
0.07680000000000001,-7.523020508544828e-38
0.07690000000000001,-6.985961028601701e-38
0.077,-6.48724702339023e-38
0.0771,-6.024140265690717e-38
0.0772,-5.594098093053956e-38
0.07730000000000001,-5.194759438335785e-38
0.07740000000000001,-4.823931858251804e-38
0.0775,-4.479579488639177e-38
0.0776,-4.15981186020773e-38
0.0777,-3.862873513296562e-38
0.07780000000000001,-3.5871343545451876e-38
0.0779,-3.331080702468461e-38
0.078,-3.0933069727129933e-38
0.0781,-2.872507957290809e-38
0.0782,-2.6674716553506444e-38
0.07830000000000001,-2.4770726160816734e-38
0.0784,-2.300265757159388e-38
0.0785,-2.136080624758061e-38
0.0786,-1.983616063582803e-38
0.0787,-1.8420352676272061e-38
0.07880000000000001,-1.7105611844569916e-38
0.0789,-1.5884722477629647e-38
0.079,-1.4750984147312848e-38
0.0791,-1.3698174864552654e-38
0.0792,-1.2720516911680292e-38
0.07930000000000001,-1.1812645115208462e-38
0.0794,-1.0969577384732403e-38
0.0795,-1.0186687356063047e-38
0.0796,-9.459678988278351e-39
0.07970000000000001,-8.784562975112894e-39
0.07980000000000001,-8.157634841083263e-39
0.0799,-7.575454602002166e-39
0.08,-7.034827878134544e-39
0.0801,-6.532788356233228e-39
0.08020000000000001,-6.066581504101525e-39
0.08030000000000001,-5.633649448217304e-39
0.0804,-5.231616931342536e-39
0.0805,-4.858278272977323e-39
0.0806,-4.511585261029841e-39
0.08070000000000001,-4.189635908187969e-39
0.08080000000000001,-3.890664011232574e-39
0.0809,-3.613029455942677e-39
0.081,-3.3552092143403215e-39
0.0811,-3.115788984826587e-39
0.08120000000000001,-2.893455429292538e-39
0.0813,-2.6869889645689476e-39
0.0814,-2.4952570686242697e-39
0.0815,-2.31720806474805e-39
0.0816,-2.1518653495829177e-39
0.08170000000000001,-1.9983220333071966e-39
0.0818,-1.855735962533529e-39
0.0819,-1.7233250985918683e-39
0.082,-1.6003632258173256e-39
0.0821,-1.486175966275909e-39
0.08220000000000001,-1.3801370790445427e-39
0.0823,-1.2816650237249041e-39
0.0824,-1.1902197693216596e-39
0.0825,-1.1052998309638568e-39
0.0826,-1.026439518198937e-39
0.08270000000000001,-9.532063797515375e-40
0.0828,-8.851988307178637e-40
0.0829,-8.22043949168397e-40
0.083,-7.633954300623386e-40
0.08310000000000001,-7.089316852406324e-40
0.08320000000000001,-6.583540790670663e-40
0.0833,-6.113852900316764e-40
0.0834,-5.677677893222667e-40
0.0835,-5.272624280124275e-40
0.08360000000000001,-4.896471251105557e-40
0.08370000000000001,-4.5471564926848e-40
0.0838,-4.222764874623397e-40
0.0839,-3.9215179443601505e-40
0.084,-3.641764171408986e-40
0.08410000000000001,-3.3819698881735036e-40
0.08420000000000001,-3.1407108774576525e-40
0.0843,-2.9166645605009005e-40
0.0844,-2.7086027426633305e-40
0.0845,-2.515384876948456e-40
0.08460000000000001,-2.335951808392725e-40
0.0847,-2.1693199649921547e-40
0.0848,-2.0145759632866043e-40
0.0849,-1.8708715989993958e-40
0.085,-1.7374191952425227e-40
0.08510000000000001,-1.6134872827615496e-40
0.0852,-1.498396588516115e-40
0.0853,-1.3915163105847803e-40
0.0854,-1.2922606589543168e-40
0.0855,-1.2000856432128553e-40
0.08560000000000001,-1.114486089521762e-40
0.0857,-1.03499287049902e-40
0.0858,-9.61170332815774e-41
0.0859,-8.926139083926411e-41
0.08600000000000001,-8.289478960899744e-41
0.08610000000000001,-7.69823401721894e-41
0.0862,-7.149164250928778e-41
0.0863,-6.639260835623109e-41
0.0864,-6.165729623918835e-41
0.08650000000000001,-5.725975828260341e-41
0.08660000000000001,-5.317589795020656e-41
0.0867,-4.938333793862332e-41
0.0868,-4.586129749892187e-41
0.0869,-4.25904785131842e-41
0.08700000000000001,-3.9552959701198055e-41
0.08710000000000001,-3.673209837699996e-41
0.0872,-3.411243921640491e-41
0.0873,-3.167962953513195e-41
0.0874,-2.9420340612854464e-41
0.08750000000000001,-2.732219463166039e-41
0.0876,-2.5373696828233527e-41
0.0877,-2.3564172487637865e-41
0.0878,-2.1883708433182348e-41
0.0879,-2.0323098691469725e-41
0.08800000000000001,-1.8873794034672822e-41
0.0881,-1.7527855123320822e-41
0.0882,-1.627790899264927e-41
0.0883,-1.5117108643893956e-41
0.0884,-1.4039095518948595e-41
0.08850000000000001,-1.3037964652614078e-41
0.0886,-1.2108232311362308e-41
0.0887,-1.1244805941167053e-41
0.0888,-1.0442956259623838e-41
0.0889,-9.698291339340601e-42
0.08900000000000001,-9.006732540498793e-42
0.0891,-8.364492160632537e-42
0.0892,-7.768052679081801e-42
0.0893,-7.214147482332316e-42
0.08940000000000001,-6.69974296456338e-42
0.08950000000000001,-6.222021905278361e-42
0.0896,-5.77836803288613e-42
0.0897,-5.3663516896119676e-42
0.0898,-4.983716519151127e-42
0.08990000000000001,-4.6283671040891466e-42
0.09000000000000001,-4.298357485318594e-42
0.0901,-3.9918805005207845e-42
0.0902,-3.7072578832693465e-42
0.0903,-3.4429310684849776e-42
0.09040000000000001,-3.197452653841825e-42
0.09050000000000001,-2.969478470324361e-42
0.0906,-2.7577602184717296e-42
0.0907,-2.5611386299481557e-42
0.0908,-2.3785371169592846e-42
0.09090000000000001,-2.2089558747072758e-42
0.091,-2.051466404562306e-42
0.0911,-1.9052064279333643e-42
0.0912,-1.769375162964997e-42
0.0913,-1.6432289381728313e-42
0.09140000000000001,-1.526077118980631e-42
0.0915,-1.417278324834496e-42
0.0916,-1.3162369161643287e-42
0.0917,-1.222399731940709e-42
0.0918,-1.1352530599496499e-42
0.09190000000000001,-1.0543198231826535e-42
0.092,-9.791569669248767e-43
0.0921,-9.093530322231363e-43
0.0922,-8.445259024383603e-43
0.09230000000000001,-7.843207105342562e-43
0.09240000000000001,-7.284078956362468e-43
0.0925,-6.764813982119872e-43
0.0926,-6.282569839846771e-43
0.0927,-5.8347068739614925e-43
0.09280000000000001,-5.4187736609151595e-43
0.09290000000000001,-5.032493585058461e-43
0.093,-4.673752371981241e-43
0.0931,-4.340586511027092e-43
0.0932,-4.031172503554933e-43
0.09330000000000001,-3.743816878046526e-43
0.09340000000000001,-3.4769469173590754e-43
0.0935,-3.2291020473268514e-43
0.0936,-2.9989258395361136e-43
0.0937,-2.7851585844671932e-43
0.09380000000000001,-2.586630394317944e-43
0.09390000000000001,-2.4022547977296228e-43
0.094,-2.2310227913276523e-43
0.0941,-2.071997315495297e-43
0.0942,-1.9243081241208104e-43
0.09430000000000001,-1.787147020218163e-43
0.0944,-1.6597634313250883e-43
0.0945,-1.5414603004446997e-43
0.0946,-1.4315902700246054e-43
0.0947,-1.3295521380734174e-43
0.09480000000000001,-1.2347875670052805e-43
0.0949,-1.1467780271871939e-43
0.095,-1.0650419584502562e-43
0.0951,-9.891321340192685e-44
0.0952,-9.186332124244735e-44
0.09530000000000001,-8.531594639884528e-44
0.0954,-7.923526594381066e-44
0.0955,-7.35880109078817e-44
0.0956,-6.834328417936588e-44
0.09570000000000001,-6.347239138952095e-44
0.09580000000000001,-5.894868385698728e-44
0.0959,-5.474741273142314e-44
0.096,-5.084559353769744e-44
0.0961,-4.722188037891626e-44
0.09620000000000001,-4.385644910948503e-44
0.09630000000000001,-4.0730888838513876e-44
0.0964,-3.7828101169521576e-44
0.0965,-3.5132206624737313e-44
0.0966,-3.2628457741663346e-44
0.09670000000000001,-3.0303158366086627e-44
0.09680000000000001,-2.8143588699679125e-44
0.0969,-2.613793569182443e-44
0.097,-2.427522839457394e-44
0.0971,-2.254527792683446e-44
0.09720000000000001,-2.093862171909431e-44
0.09730000000000001,-1.944647173347083e-44
0.0974,-1.806066637560031e-44
0.0975,-1.6773625835127522e-44
0.0976,-1.5578310610312178e-44
0.09770000000000001,-1.4468182989711696e-44
0.0978,-1.3437171280084535e-44
0.0979,-1.2479636584702346e-44
0.098,-1.1590341950215254e-44
0.0981,-1.0764423713188377e-44
0.09820000000000001,-9.997364889465738e-45
0.0983,-9.2849704607083e-45
0.0984,-8.623344422833078e-45
0.0985,-8.008868470730936e-45
0.09860000000000001,-7.43818220259469e-45
0.09870000000000001,-6.908164735512798e-45
0.0988,-6.415917631705965e-45
0.0989,-5.958749041959611e-45
0.099,-5.5341589794709364e-45
0.09910000000000001,-5.139825643513777e-45
0.09920000000000001,-4.7735927180741636e-45
0.0993,-4.4334575759438194e-45
0.0994,-4.117560323718266e-45
0.0995,-3.824173627746182e-45
0.09960000000000001,-3.551693265353544e-45
0.09970000000000001,-3.2986293496340554e-45
0.0998,-3.0635981797866514e-45
0.0999,-2.845314672401417e-45
0.1,-2.6425853322790515e-45
0.10010000000000001,-2.4543017243175075e-45
0.10020000000000001,-2.2794344107461785e-45
0.1003,-2.1170273205314175e-45
0.1004,-1.9661925201449162e-45
0.1005,-1.826105357081538e-45
0.10060000000000001,-1.6959999495539132e-45
0.10070000000000001,-1.5751649976855994e-45
0.1008,-1.4629398932835545e-45
0.1009,-1.3587111069055384e-45
0.101,-1.2619088324546495e-45
0.10110000000000001,-1.1720038709431575e-45
0.1012,-1.088504736376012e-45
0.1013,-1.0109549679206083e-45
0.1014,-9.389306336574987e-46
0.1015,-8.720380122556098e-46
0.10160000000000001,-8.09911439888659e-46
0.1017,-7.522113106142556e-46
0.1018,-6.986222192760576e-46
0.1019,-6.48851236770208e-46
0.10200000000000001,-6.026263082403976e-46
0.10210000000000001,-5.5969476543958654e-46
0.1022,-5.198219451201994e-46
0.1023,-4.827899058953608e-46
0.1024,-4.483962365520824e-46
0.10250000000000001,-4.164529492979203e-46
0.10260000000000001,-3.867854518870929e-46
0.1027,-3.592315930038475e-46
0.1028,-3.3364077568140905e-46
0.1029,-3.098731339072021e-46
0.10300000000000001,-2.877987679106919e-46
0.10310000000000001,-2.672970339511381e-46
0.1032,-2.4825588472088894e-46
0.1033,-2.3057125675646652e-46
0.1034,-2.141465015071849e-46
0.10350000000000001,-1.9889185694948657e-46
0.10360000000000001,-1.8472395685734114e-46
0.1037,-1.7156537504474514e-46
0.1038,-1.5934420208787105e-46
0.1039,-1.479936522119429e-46
0.10400000000000001,-1.3745169819299813e-46
0.1041,-1.2766073227786438e-46
0.1042,-1.1856725126807663e-46
0.1043,-1.1012156404554688e-46
0.1044,-1.0227751994060928e-46
0.10450000000000001,-9.499225645700777e-47
0.1046,-8.822596497432798e-47
0.1047,-8.194167314663989e-47
0.1048,-7.610504280747943e-47
0.10490000000000001,-7.068418227606522e-47
0.10500000000000001,-6.564947203845586e-47
0.1051,-6.097340285046239e-47
0.1052,-5.663042537706763e-47
0.1053,-5.25968105462418e-47
0.10540000000000001,-4.885051985356024e-47
0.10550000000000001,-4.537108490853121e-47
0.1056,-4.213949556401301e-47
0.1057,-3.913809601708595e-47
0.1058,-3.6350488313305057e-47
0.10590000000000001,-3.3761442726763587e-47
0.10600000000000001,-3.1356814525980426e-47
0.1061,-2.9123466670563917e-47
0.1062,-2.704919801601544e-47
0.1063,-2.5122676634169757e-47
0.10640000000000001,-2.3333377884729454e-47
0.10650000000000001,-2.1671526899343843e-47
0.1066,-2.0128045163797982e-47
0.1067,-1.869450090628731e-47
0.1068,-1.7363063020572025e-47
0.10690000000000001,-1.6126458272122046e-47
0.10700000000000001,-1.4977931553321822e-47
0.1071,-1.3911208970467518e-47
0.1072,-1.2920463560780747e-47
0.1073,-1.200028345203347e-47
0.10740000000000001,-1.1145642290739358e-47
0.1075,-1.0351871777264454e-47
0.1076,-9.614636157734936e-48
0.1077,-8.929908533311572e-48
0.1078,-8.293948857340415e-48
0.10790000000000001,-7.703283500112776e-48
0.108,-7.154686269542964e-48
0.1081,-6.645160784023578e-48
0.1082,-6.171924101119723e-48
0.10830000000000001,-5.732391512618031e-48
0.10840000000000001,-5.324162422831872e-48
0.1085,-4.945007232979737e-48
0.1086,-4.5928551599546984e-48
0.1087,-4.265782922912423e-48
0.10880000000000001,-3.9620042358462106e-48
0.10890000000000001,-3.679860048725257e-48
0.109,-3.417809483862211e-48
0.1091,-3.1744214179784606e-48
0.1092,-2.948366663962729e-48
0.10930000000000001,-2.7384107095979564e-48
0.10940000000000001,-2.5434069735744237e-48
0.1095,-2.362290541936192e-48
0.1096,-2.1940723507313065e-48
0.1097,-2.037833783078096e-48
0.10980000000000001,-1.8927216511213863e-48
0.10990000000000001,-1.757943535459391e-48
0.11,-1.6327634565730388e-48
0.1101,-1.5164978546059227e-48
0.1102,-1.4085118555270045e-48
0.11030000000000001,-1.3082158032740659e-48
0.11040000000000001,-1.2150620389289172e-48
0.1105,-1.1285419093261063e-48
0.1106,-1.0481829887500178e-48
0.1107,-9.735464985401458e-49
0.11080000000000001,-9.042249105058164e-49
0.1109,-8.398397210558302e-49
0.111,-7.800393838818596e-49
0.1111,-7.244973899004002e-49
0.11120000000000001,-6.729104839630872e-49
0.11130000000000001,-6.249970085922792e-49
0.1114,-5.80495365693327e-49
0.1115,-5.391625878390033e-49
0.1116,-5.00773011321072e-49
0.11170000000000001,-4.651170437191606e-49
0.11180000000000001,-4.320000192544002e-49
0.1119,-4.0124113567427395e-49
0.112,-3.726724668610802e-49
0.1121,-3.461380457698419e-49
0.11220000000000001,-3.2149301268596194e-49
0.11230000000000001,-2.986028241496436e-49
0.1124,-2.77342518225757e-49
0.1125,-2.575960321054868e-49
0.1126,-2.3925556831215656e-49
0.11270000000000001,-2.2222100604904787e-49
0.11280000000000001,-2.063993544738057e-49
0.1129,-1.917042449129583e-49
0.113,-1.780554592428258e-49
0.1131,-1.6537849186082508e-49
0.11320000000000001,-1.5360414285443022e-49
0.11330000000000001,-1.4266814014575269e-49
0.1134,-1.3251078854778018e-49
0.1135,-1.2307664381548275e-49
0.1136,-1.1431420991144025e-49
0.11370000000000001,-1.061756578325187e-49
0.11380000000000001,-9.861656446185643e-50
0.1139,-9.159567001988167e-50
0.114,-8.5074652789583625e-50
0.11410000000000001,-7.901791988574249e-50
0.11420000000000001,-7.3392412925326825e-50
0.1143,-6.816742753778701e-50
0.1144,-6.331444572948665e-50
0.1145,-5.880698018677079e-50
0.11460000000000001,-5.462042966735107e-50
0.11470000000000001,-5.073194469028708e-50
0.1148,-4.712030279106618e-50
0.1149,-4.376579266053384e-50
0.115,-4.065010653496785e-50
0.11510000000000001,-3.775624024963114e-50
0.11520000000000001,-3.506840041001389e-50
0.1153,-3.2571918173833e-50
0.1154,-3.02531691729839e-50
0.1155,-2.809949913815254e-50
0.11560000000000001,-2.609915481995609e-50
0.11570000000000001,-2.4241219829394774e-50
0.1158,-2.2515555047280577e-50
0.1159,-2.091274327723789e-50
0.116,-1.9424037840075831e-50
0.11610000000000001,-1.8041314828823279e-50
0.11620000000000001,-1.675702876374125e-50
0.1163,-1.5564171405168867e-50
0.1164,-1.4456233499322693e-50
0.1165,-1.3427169248173967e-50
0.11660000000000001,-1.2471363309410126e-50
0.11670000000000001,-1.1583600146302525e-50
0.1168,-1.0759035560131089e-50
0.1169,-9.993170249741406e-51
0.117,-9.281825253872504e-51
0.11710000000000001,-8.621119142179328e-51
0.11720000000000001,-8.007446830418715e-51
0.1173,-7.437459904141947e-51
0.1174,-6.90804834346591e-51
0.11750000000000001,-6.41632354915539e-51
0.11760000000000001,-5.95960257734319e-51
0.1177,-5.535393496825011e-51
0.1178,-5.141381788986215e-51
0.1179,-4.77541771611874e-51
0.11800000000000001,-4.435504589165531e-51
0.11810000000000001,-4.119787870848507e-51
0.1182,-3.826545054690915e-51
0.1183,-3.5541762646856337e-51
0.1184,-3.30119552429266e-51
0.11850000000000001,-3.066222647105075e-51
0.11860000000000001,-2.847975704915477e-51
0.1187,-2.6452640320689322e-51
0.1188,-2.456981727914681e-51
0.1189,-2.282101621889196e-51
0.11900000000000001,-2.119669668288736e-51
0.11910000000000001,-1.9687997401347024e-51
0.1192,-1.8286687937152612e-51
0.1193,-1.6985123774082893e-51
0.1194,-1.577620460272666e-51
0.11950000000000001,-1.46533355763781e-51
0.11960000000000001,-1.3610391325453358e-51
0.1197,-1.2641682534004515e-51
0.1198,-1.1741924895908436e-51
0.1199,-1.0906210281288657e-51
0.12000000000000001,-1.0129979955799488e-51
0.12010000000000001,-9.40899970660276e-52
0.1202,-8.7393367392814e-52
0.1203,-8.117338219595154e-52
0.12040000000000001,-7.539611342966574e-52
0.12050000000000001,-7.003004822920721e-52
0.1206,-6.504591697451742e-52
0.1207,-6.0416533594789076e-52
0.1208,-5.61166472423933e-52
0.12090000000000001,-5.2122804526675974e-52
0.12100000000000001,-4.841322155579458e-52
0.1211,-4.496766508827537e-52
0.1212,-4.176734214569141e-52
0.1213,-3.879479748407892e-52
0.12140000000000001,-3.603381836454215e-52
0.12150000000000001,-3.346934610339885e-52
0.1216,-3.108739391916804e-52
0.1217,-2.8874970628105897e-52
0.1218,-2.6820009771891584e-52
0.12190000000000001,-2.4911303790725717e-52
0.12200000000000001,-2.3138442882628653e-52
0.1221,-2.149175821531732e-52
0.1222,-1.9962269180770534e-52
0.1223,-1.8541634404684306e-52
0.12240000000000001,-1.722210624347833e-52
0.12250000000000001,-1.5996488520576953e-52
0.1226,-1.4858097271347137e-52
0.1227,-1.3800724282499118e-52
0.1228,-1.2818603227010982e-52
0.12290000000000001,-1.190637820979435e-52
0.12300000000000001,-1.1059074552480064e-52
0.1231,-1.0272071657916356e-52
0.1232,-9.54107780632724e-53
0.1233,-8.862106745613219e-53
0.12340000000000001,-8.231455948071756e-53
0.12350000000000001,-7.645686414903652e-53
0.1236,-7.101603918323319e-53
0.1237,-6.596241578927525e-53
0.12380000000000001,-6.126843683272705e-53
0.12390000000000001,-5.6908506533676355e-53
0.124,-5.285885086083826e-53
0.1241,-4.909738786315252e-53
0.1242,-4.560360723149165e-53
0.12430000000000001,-4.235845843338045e-53
0.12440000000000001,-3.9344246810479732e-53
0.1245,-3.6544537071971665e-53
0.1246,-3.394406365738288e-53
0.1247,-3.1528647479832027e-53
0.12480000000000001,-2.928511859551512e-53
0.12490000000000001,-2.7201244377573843e-53
0.125,-2.5265662802514887e-53
0.12510000000000002,-2.3467820485256987e-53
0.1252,-2.179791512477725e-53
0.1253,-2.0246842046393203e-53
0.1254,-1.8806144549076485e-53
0.1255,-1.7467967786942625e-53
0.12560000000000002,-1.6225015933342935e-53
0.1257,-1.5070512393907918e-53
0.1258,-1.3998162851496175e-53
0.1259,-1.3002120941487729e-53
0.126,-1.2076956370179727e-53
0.12610000000000002,-1.1217625302386348e-53
0.1262,-1.0419442856723375e-53
0.1263,-9.678057558547884e-54
0.1264,-8.989427611211254e-54
0.1265,-8.349798856199702e-54
0.12660000000000002,-7.755684301945279e-54
0.1267,-7.203845109656773e-54
0.1268,-6.691272932457974e-54
0.1269,-6.215173511510718e-54
0.127,-5.772951439652417e-54
0.12710000000000002,-5.362196009446269e-54
0.1272,-4.980668068462858e-54
0.1273,-4.6262878100961296e-54
0.1274,-4.2971234333317265e-54
0.1275,-3.9913806096152394e-54
0.12760000000000002,-3.707392699375597e-54
0.1277,-3.44361166484767e-54
0.1278,-3.198599629633337e-54
0.1279,-2.971021038970773e-54
0.128,-2.759635377957261e-54
0.12810000000000002,-2.563290408011629e-54
0.1282,-2.3809158846944078e-54
0.1283,-2.2115177226229804e-54
0.12840000000000001,-2.0541725756624684e-54
0.1285,-1.9080228028353084e-54
0.12860000000000002,-1.7722717924968482e-54
0.1287,-1.6461796192790833e-54
0.1288,-1.5290590101179156e-54
0.12890000000000001,-1.4202715973670034e-54
0.129,-1.319224438565171e-54
0.1291,-1.2253667838796327e-54
0.1292,-1.1381870735980197e-54
0.1293,-1.0572101492964552e-54
0.12940000000000002,-9.819946634761085e-55
0.1295,-9.121306735440489e-55
0.1296,-8.472374070176968e-55
0.1297,-7.8696118576815e-55
0.1298,-7.309734979830774e-55
0.12990000000000002,-6.789692073364379e-55
0.13,-6.306648896004618e-55
0.1301,-5.8579728762983126e-55
0.1302,-5.441218762940241e-55
0.1303,-5.054115295331911e-55
0.13040000000000002,-4.694552822693851e-55
0.1305,-4.360571804231941e-55
0.1306,-4.0503521276512975e-55
0.1307,-3.7622031877827285e-55
0.1308,-3.494554671226678e-55
0.13090000000000002,-3.245947996770426e-55
0.131,-3.0150283649117946e-55
0.1311,-2.8005373731408115e-55
0.1312,-2.6013061567194263e-55
0.1313,-2.4162490175613477e-55
0.13140000000000002,-2.244357506477342e-55
0.1315,-2.0846949265236204e-55
0.1316,-1.9363912274853377e-55
0.1317,-1.7986382636616144e-55
0.1318,-1.6706853890988725e-55
0.13190000000000002,-1.5518353662576372e-55
0.132,-1.4414405658101982e-55
0.1321,-1.3388994368500714e-55
0.1322,-1.243653228271521e-55
0.1323,-1.155182943445231e-55
0.13240000000000002,-1.0730065115884969e-55
0.1325,-9.966761604103014e-56
0.1326,-9.257759757080574e-56
0.1327,-8.599196346129112e-56
0.1328,-7.987483001268879e-56
0.13290000000000002,-7.419286654741237e-56
0.133,-6.89151137606078e-56
0.1331,-6.401281499583041e-56
0.1332,-5.945925952617517e-56
0.1333,-5.522963698656537e-56
0.13340000000000002,-5.130090216369677e-56
0.1335,-4.7651649406650335e-56
0.1336,-4.426199597354089e-56
0.1337,-4.111347367839754e-56
0.1338,-3.8188928247622664e-56
0.13390000000000002,-3.5472425837456195e-56
0.134,-3.2949166202905827e-56
0.1341,-3.0605402044839337e-56
0.1342,-2.8428364095640164e-56
0.1343,-2.6406191535099345e-56
0.13440000000000002,-2.452786735726035e-56
0.1345,-2.278315833595043e-56
0.1346,-2.1162559261769004e-56
0.13470000000000001,-1.9657241146611956e-56
0.1348,-1.8259003113423337e-56
0.13490000000000002,-1.6960227708956223e-56
0.135,-1.5753839395992088e-56
0.1351,-1.4633265998782581e-56
0.13520000000000001,-1.3592402891594216e-56
0.1353,-1.26255797351713e-56
0.13540000000000002,-1.172752957982959e-56
0.1355,-1.0893360166794452e-56
0.1356,-1.0118527271370683e-56
0.13570000000000002,-9.398809942668836e-57
0.1358,-8.730287504947973e-57
0.1359,-8.109318195228456e-57
0.136,-7.532519320762895e-57
0.1361,-6.996748828221e-57
0.13620000000000002,-6.499088184147202e-57
0.1363,-6.036826473396764e-57
0.1364,-5.607445628889475e-57
0.1365,-5.208606712191122e-57
0.1366,-4.8381371701581167e-57
0.13670000000000002,-4.494018998197869e-57
0.1368,-4.174377745644173e-57
0.1369,-3.8774723033305017e-57
0.137,-3.601685417711717e-57
0.1371,-3.345514879841634e-57
0.13720000000000002,-3.1075653411922436e-57
0.1373,-2.8865407117182226e-57
0.1374,-2.681237098740522e-57
0.1375,-2.4905362481737254e-57
0.1376,-2.3133994523562446e-57
0.13770000000000002,-2.1488618912870495e-57
0.1378,-1.996027376434772e-57
0.1379,-1.8540634684772986e-57
0.138,-1.7221969423693608e-57
0.1381,-1.5997095750279296e-57
0.13820000000000002,-1.4859342326818512e-57
0.1383,-1.3802512365682945e-57
0.1384,-1.282084987171796e-57
0.1385,-1.1909008286134175e-57
0.1386,-1.1062021361046293e-57
0.13870000000000002,-1.0275276105963904e-57
0.1388,-9.544487658834775e-58
0.1389,-8.86567594471841e-58
0.139,-8.235143994920393e-58
0.1391,-7.649457808455353e-58
0.13920000000000002,-7.105427646116367e-58
0.1393,-6.600090655235628e-58
0.1394,-6.1306947304669656e-58
0.1395,-5.6946835226615114e-58
0.1396,-5.2896825141599474e-58
0.13970000000000002,-4.913486084635339e-58
0.1398,-4.564045497022126e-58
0.1399,-4.2394577380731614e-58
0.14,-3.937955152750211e-58
0.1401,-3.657895815974222e-58
0.14020000000000002,-3.397754589280232e-58
0.1403,-3.15611481365527e-58
0.1404,-2.9316605933008544e-58
0.1405,-2.7231696282840333e-58
0.1406,-2.52950655703046e-58
0.14070000000000002,-2.349616772389508e-58
0.1408,-2.1825206775845354e-58
0.1409,-2.0273083507549054e-58
0.14100000000000001,-1.883134589024911e-58
0.1411,-1.7492143051011245e-58
0.14120000000000002,-1.6248182513203114e-58
0.1413,-1.5092690478556609e-58
0.1414,-1.4019374934431626e-58
0.14150000000000001,-1.3022391385327656e-58
0.1416,-1.209631102195557e-58
0.14170000000000002,-1.1236091154477919e-58
0.1418,-1.043704774886021e-58
0.1419,-9.6948299167255e-59
0.14200000000000002,-9.005396219755073e-59
0.1421,-8.364992659560457e-59
0.1422,-7.770132233129563e-59
0.1423,-7.21757594248724e-59
0.1424,-6.704315155125639e-59
0.14250000000000002,-6.22755521911984e-59
0.1426,-5.784700243682557e-59
0.1427,-5.37333896225489e-59
0.1428,-4.991231601132298e-59
0.1429,-4.636297682100544e-59
0.14300000000000002,-4.306604692642144e-59
0.1431,-4.000357562004921e-59
0.1432,-3.7158888858086015e-59
0.1433,-3.451649845947175e-59
0.1434,-3.206201776329768e-59
0.14350000000000002,-2.9782083285207737e-59
0.1436,-2.766428194610641e-59
0.1437,-2.569708347678635e-59
0.1438,-2.386977763034805e-59
0.1439,-2.2172415860416353e-59
0.14400000000000002,-2.0595757147512845e-59
0.1441,-1.9131217678537267e-59
0.1442,-1.7770824105284021e-59
0.1443,-1.6507170127430018e-59
0.1444,-1.5333376163531974e-59
0.14450000000000002,-1.424305189038375e-59
0.1446,-1.3230261446724165e-59
0.1447,-1.2289491111780037e-59
0.1448,-1.1415619282622697e-59
0.1449,-1.0603888586829082e-59
0.14500000000000002,-9.849879978569664e-60
0.1451,-9.149488677053888e-60
0.1452,-8.498901816288636e-60
0.1453,-7.89457768443718e-60
0.1454,-7.333226439713612e-60
0.14550000000000002,-6.811792197795044e-60
0.1456,-6.327436393204496e-60
0.1457,-5.877522324050949e-60
0.1458,-5.459600795962956e-60
0.1459,-5.071396787037408e-60
0.14600000000000002,-4.7107970611809603e-60
0.1461,-4.375838662396781e-60
0.1462,-4.0646982273555175e-60
0.1463,-3.775682058054959e-60
0.1464,-3.5072169005074144e-60
0.14650000000000002,-3.2578413792398715e-60
0.1466,-3.0261980409652804e-60
0.1467,-2.811025964097653e-60
0.1468,-2.6111538938689454e-60
0.1469,-2.4254938656646134e-60
0.14700000000000002,-2.2530352818554316e-60
0.1471,-2.0928394098729412e-60
0.1472,-1.944034271568347e-60
0.14730000000000001,-1.8058098960272864e-60
0.1474,-1.6774139099910207e-60
0.14750000000000002,-1.5581474418729945e-60
0.1476,-1.4473613170689895e-60
0.1477,-1.3444525238425112e-60
0.14780000000000001,-1.2488609305438855e-60
0.1479,-1.1600662362872805e-60
0.14800000000000002,-1.0775851384826512e-60
0.1481,-1.0009687018004239e-60
0.1482,-9.29799914242854e-61
0.14830000000000002,-8.636914170156565e-61
0.1484,-8.022833958395904e-61
0.14850000000000002,-7.452416222203692e-61
0.1486,-6.92255634012702e-61
0.1487,-6.430370453718099e-61
0.14880000000000002,-5.973179768910398e-61
0.1489,-5.548495973781953e-61
0.149,-5.1540076933109434e-61
0.1491,-4.7875679073790994e-61
0.1492,-4.447182263517873e-61
0.14930000000000002,-4.130998220767503e-61
0.1494,-3.837294965544878e-61
0.1495,-3.5644740446166075e-61
0.1496,-3.3110506641816145e-61
0.1497,-3.0756456076922782e-61
0.14980000000000002,-2.856977728411886e-61
0.1499,-2.653856975838344e-61
0.15,-2.4651779180255352e-61
0.1501,-2.2899137245401083e-61
0.1502,-2.127110577294002e-61
0.15030000000000002,-1.975882478825472e-61
0.1504,-1.8354064297652083e-61
0.1505,-1.7049179492327273e-61
0.1506,-1.5837069137768607e-61
0.1507,-1.4711136922078018e-61
0.15080000000000002,-1.366525555278458e-61
0.1509,-1.2693733406708335e-61
0.151,-1.179128355131392e-61
0.1511,-1.0952994968918323e-61
0.1512,-1.0174305827102137e-61
0.15130000000000002,-9.450978649813571e-62
0.1514,-8.779077254011617e-62
0.1515,-8.154945326289075e-62
0.1516,-7.575186522865628e-62
0.1517,-7.03664598461643e-62
0.15180000000000002,-6.536393166514456e-62
0.1519,-6.071705888020447e-62
0.152,-5.64005551759613e-62
0.1521,-5.239093210695572e-62
0.1522,-4.866637126323206e-62
0.15230000000000002,-4.520660552569614e-62
0.1524,-4.199280876494245e-62
0.1525,-3.9007493383094955e-62
0.1526,-3.6234415140989666e-62
0.1527,-3.3658484752638515e-62
0.15280000000000002,-3.1265685765762697e-62
0.1529,-2.9042998281419874e-62
0.153,-2.6978328097503693e-62
0.1531,-2.506044089045684e-62
0.1532,-2.3278901076930733e-62
0.15330000000000002,-2.162401502261852e-62
0.1534,-2.008677828915429e-62
0.1535,-1.8658826631936263e-62
0.15360000000000001,-1.7332390482166032e-62
0.1537,-1.6100252665357085e-62
0.15380000000000002,-1.4955709126168371e-62
0.1539,-1.3892532445814392e-62
0.154,-1.2904937953467857e-62
0.15410000000000001,-1.1987552247219315e-62
0.1542,-1.1135383953258156e-62
0.15430000000000002,-1.0343796564125692e-62
0.1544,-9.608483208212841e-63
0.1545,-8.925443213178023e-63
0.15460000000000002,-8.290960335733216e-63
0.1547,-7.701582539313122e-63
0.15480000000000002,-7.154103209563767e-63
0.1549,-6.645543705421347e-63
0.155,-6.173137150812413e-63
0.15510000000000002,-5.734313378766291e-63
0.1552,-5.326684945998837e-63
0.1553,-4.94803414185327e-63
0.1554,-4.596300920899414e-63
0.1555,-4.2695716935149407e-63
0.15560000000000002,-3.966068913444994e-63
0.1557,-3.6841414056747393e-63
0.1558,-3.422255381975741e-63
0.1559,-3.178986095232822e-63
0.156,-2.9530100871337765e-63
0.15610000000000002,-2.7430979870310294e-63
0.1562,-2.5481078227898944e-63
0.1563,-2.366978807217858e-63
0.1564,-2.198725566262931e-63
0.1565,-2.0424327775705094e-63
0.15660000000000002,-1.8972501902221194e-63
0.1567,-1.762387998554886e-63
0.1568,-1.6371125448859506e-63
0.1569,-1.5207423277575174e-63
0.157,-1.4126442939803565e-63
0.15710000000000002,-1.312230394297395e-63
0.1572,-1.2189543839252436e-63
0.1573,-1.1323088505624901e-63
0.1574,-1.0518224536928078e-63
0.1575,-9.770573601600404e-64
0.15760000000000002,-9.076068620605562e-64
0.1577,-8.430931639912057e-64
0.1578,-7.831653276112004e-64
0.1579,-7.274973623343212e-64
0.158,-6.757864517613744e-64
0.15810000000000002,-6.27751306202404e-64
0.1582,-5.8313063232426825e-64
0.1583,-5.4168171159614044e-64
0.1584,-5.031790797980077e-64
0.1585,-4.674133004070203e-64
0.15860000000000002,-4.341898251871643e-64
0.1587,-4.0332793578278544e-64
0.1588,-3.746597605567236e-64
0.1589,-3.4802936132370606e-64
0.159,-3.232918850097362e-64
0.15910000000000002,-3.0031277562154406e-64
0.1592,-2.7896704223850744e-64
0.1593,-2.5913857904400708e-64
0.15940000000000001,-2.4071953369669248e-64
0.1595,-2.2360972060485944e-64
0.15960000000000002,-2.07716075911643e-64
0.1597,-1.9295215122571956e-64
0.1598,-1.7923764334288393e-64
0.15990000000000001,-1.6649795739986e-64
0.16,-1.54663801083573e-64
0.16010000000000002,-1.4367080768795037e-64
0.1602,-1.334591859675828e-64
0.1603,-1.2397339488303743e-64
0.16040000000000001,-1.1516184146832745e-64
0.1605,-1.0697660017670136e-64
0.16060000000000002,-9.937315217781327e-65
0.1607,-9.231014318794061e-65
0.1608,-8.574915851565871e-65
0.16090000000000002,-7.965451409916439e-65
0.161,-7.399306239834534e-65
0.16110000000000002,-6.873401208557316e-65
0.1612,-6.384876055428071e-65
0.1613,-5.931073833407457e-65
0.16140000000000002,-5.509526456597142e-65
0.1615,-5.1179412751485785e-65
0.16160000000000002,-4.7541886045192884e-65
0.1617,-4.416290141235657e-65
0.1618,-4.1024082021374074e-65
0.16190000000000002,-3.8108357285661234e-65
0.162,-3.5399870011175654e-65
0.1621,-3.2883890144444665e-65
0.1622,-3.0546734651884707e-65
0.1623,-2.83756930945534e-65
0.16240000000000002,-2.635895849343514e-65
0.1625,-2.4485563109199317e-65
0.1626,-2.2745318787042997e-65
0.1627,-2.11287615421166e-65
0.1628,-1.9627100084073728e-65
0.16290000000000002,-1.8232168000722086e-65
0.163,-1.6936379340668464e-65
0.1631,-1.5732687353324823e-65
0.1632,-1.461454616183975e-65
0.1633,-1.3575875160456682e-65
0.16340000000000002,-1.2611025942631674e-65
0.1635,-1.1714751580012764e-65
0.1636,-1.0882178085162583e-65
0.1637,-1.0108777902796149e-65
0.1638,-9.390345285334274e-66
0.16390000000000002,-8.722973418823497e-66
0.164,-8.103033174803229e-66
0.1641,-7.527153372533257e-66
0.1642,-6.992202444223449e-66
0.1643,-6.495271403531791e-66
0.16440000000000002,-6.033658024688267e-66
0.1645,-5.604852146190703e-66
0.1646,-5.206522019130979e-66
0.1647,-4.836501625897246e-66
0.1648,-4.4927789002745473e-66
0.16490000000000002,-4.1734847848674213e-66
0.165,-3.8768830663277783e-66
0.1651,-3.6013609330970575e-66
0.1652,-3.345420204305928e-66
0.1653,-3.1076691821233716e-66
0.16540000000000002,-2.886815083238168e-66
0.1655,-2.6816570083088746e-66
0.1656,-2.4910794111393814e-66
0.16570000000000001,-2.3140460320617798e-66
0.1658,-2.149594262527818e-66
0.16590000000000002,-1.9968299102586251e-66
0.166,-1.8549223364810326e-66
0.1661,-1.723099938801332e-66
0.16620000000000001,-1.6006459551488574e-66
0.1663,-1.4868945659675709e-66
0.16640000000000002,-1.3812272734553591e-66
0.1665,-1.2830695381593125e-66
0.1666,-1.1918876546333086e-66
0.16670000000000001,-1.1071858491659028e-66
0.1668,-1.0285035837936012e-66
0.16690000000000002,-9.554130519367052e-67
0.167,-8.875168520376992e-67
0.1671,-8.24445826549395e-67
0.16720000000000002,-7.658570545204671e-67
0.1673,-7.114319868604537e-67
0.16740000000000002,-6.608747141428607e-67
0.1675,-6.139103575259377e-67
0.1676,-5.702835740398573e-67
0.16770000000000002,-5.2975716811153476e-67
0.1678,-4.921108017760072e-67
0.16790000000000002,-4.5713979655956984e-67
0.168,-4.246540205194276e-67
0.1681,-3.9447685438663906e-67
0.16820000000000002,-3.664442311902509e-67
0.1683,-3.404037441396678e-67
0.16840000000000002,-3.162138179136433e-67
0.1685,-2.9374293884929193e-67
0.1686,-2.728689398445434e-67
0.16870000000000002,-2.5347833608539107e-67
0.1688,-2.3546570798537126e-67
0.1689,-2.1873312798165523e-67
0.169,-2.0318962807065067e-67
0.1691,-1.887507051874966e-67
0.16920000000000002,-1.7533786173965827e-67
0.1693,-1.628781787961055e-67
0.1694,-1.513039196109862e-67
0.1695,-1.4055216132587142e-67
0.1696,-1.3056445284771729e-67
0.16970000000000002,-1.2128649704213285e-67
0.1698,-1.126678555137957e-67
0.1699,-1.0466167436859934e-67
0.17,-9.722442946631295e-68
0.1701,-9.031568977850108e-68
0.17020000000000002,-8.38978975648258e-68
0.1703,-7.79361641724951e-68
0.1704,-7.239808034837375e-68
0.1705,-6.7253540032358005e-68
0.1706,-6.247457667383856e-68
0.17070000000000002,-5.8035211181194325e-68
0.1708,-5.391131067755206e-68
0.1709,-5.008045729475267e-68
0.171,-4.652182629212006e-68
0.1711,-4.321607283727487e-68
0.17120000000000002,-4.014522683337146e-68
0.1713,-3.72925952208963e-68
0.1714,-3.46426712227817e-68
0.1715,-3.2181050039379138e-68
0.1716,-2.9894350534886695e-68
0.17170000000000002,-2.777014248940558e-68
0.1718,-2.579687902109186e-68
0.1719,-2.396383381093163e-68
0.17200000000000001,-2.2261042788845458e-68
0.1721,-2.067924996403339e-68
0.17220000000000002,-1.9209857105034597e-68
0.1723,-1.784487699590757e-68
0.1724,-1.6576890014368393e-68
0.17250000000000001,-1.5399003795802599e-68
0.1726,-1.4304815763839722e-68
0.17270000000000002,-1.328837832375943e-68
0.1728,-1.2344166529492927e-68
0.1729,-1.1467048048416423e-68
0.17300000000000001,-1.0652255260640474e-68
0.1731,-9.895359341097691e-69
0.17320000000000002,-9.192246183512135e-69
0.1733,-8.539094035357805e-69
0.1734,-7.932352722199675e-69
0.17350000000000002,-7.368724348473247e-69
0.1736,-6.845145369768703e-69
0.17370000000000002,-6.358769939151982e-69
0.1738,-5.906954436982033e-69
0.1739,-5.487243100113609e-69
0.17400000000000002,-5.097354672357394e-69
0.1741,-4.7351700036205e-69
0.17420000000000002,-4.3987205303040364e-69
0.1743,-4.0861775743352496e-69
0.1744,-3.795842402651917e-69
0.17450000000000002,-3.52613699309939e-69
0.1746,-3.275595456537874e-69
0.17470000000000002,-3.042856068524643e-69
0.1748,-2.826653867252648e-69
0.1749,-2.6258137775031384e-69
0.17500000000000002,-2.4392442232321835e-69
0.1751,-2.2659311940647223e-69
0.1752,-2.1049327334400125e-69
0.1753,-1.9553738184440189e-69
0.1754,-1.8164416034932958e-69
0.17550000000000002,-1.6873810020131938e-69
0.1756,-1.5674905820915751e-69
0.1757,-1.4561187537950596e-69
0.1758,-1.3526602274217915e-69
0.1759,-1.2565527234360875e-69
0.17600000000000002,-1.1672739161999395e-69
0.1761,-1.0843385948872502e-69
0.1762,-1.0072960261462039e-69
0.1763,-9.35727504173879e-70
0.1764,-8.692440748842211e-70
0.17650000000000002,-8.074844217981388e-70
0.1766,-7.501129021634874e-70
0.1767,-6.968177226287774e-70
0.1768,-6.4730924455383e-70
0.1769,-6.013184097452535e-70
0.17700000000000002,-5.585952780586263e-70
0.1771,-5.189076689184721e-70
0.1772,-4.820398993710042e-70
0.1773,-4.47791611810052e-70
0.1774,-4.159766850039842e-70
0.17750000000000002,-3.86422222503809e-70
0.1776,-3.589676129341225e-70
0.1777,-3.334636570582982e-70
0.1778,-3.0977175687340246e-70
0.1779,-2.8776316232665833e-70
0.17800000000000002,-2.6731827155888874e-70
0.1781,-2.4832598087137025e-70
0.1782,-2.3068308088266232e-70
0.17830000000000001,-2.142936955932274e-70
0.1784,-1.990687613087795e-70
0.17850000000000002,-1.8492554258998707e-70
0.1786,-1.717871825975162e-70
0.1787,-1.595822853882418e-70
0.17880000000000001,-1.4824452789228265e-70
0.1789,-1.3771229946167448e-70
0.17900000000000002,-1.279283670315226e-70
0.1791,-1.1883956407367594e-70
0.1792,-1.1039650165216653e-70
0.17930000000000001,-1.025533000100079e-70
0.1794,-9.526733922834154e-71
0.17950000000000002,-8.84990276027249e-71
0.1796,-8.221158647763849e-71
0.1797,-7.637085036967858e-71
0.17980000000000002,-7.094508129308568e-71
0.1799,-6.590479627844513e-71
0.18000000000000002,-6.122260714703683e-71
0.1801,-5.687307167004299e-71
0.1802,-5.283255530359164e-71
0.18030000000000002,-4.907910274817127e-71
0.1804,-4.559231863434145e-71
0.18050000000000002,-4.235325668622762e-71
0.1806,-3.9344316760424105e-71
0.1807,-3.654914920069317e-71
0.18080000000000002,-3.395256598864127e-71
0.1809,-3.154045820747128e-71
0.18100000000000002,-2.9299719370226016e-71
0.1811,-2.7218174195828626e-71
0.1812,-2.528451244581376e-71
0.18130000000000002,-2.3488227462174034e-71
0.1814,-2.1819559072268134e-71
0.18150000000000002,-2.0269440550497403e-71
0.1816,-1.8829449348502955e-71
0.1817,-1.749176132609767e-71
0.18180000000000002,-1.6249108234207367e-71
0.1819,-1.509473821873777e-71
0.182,-1.4022379130724373e-71
0.1821,-1.3026204443367759e-71
0.1822,-1.2100801590725713e-71
0.18230000000000002,-1.1241142555985074e-71
0.1824,-1.0442556549488948e-71
0.1825,-9.700704628018838e-72
0.1826,-9.011556117411357e-72
0.1827,-8.371366710368871e-72
0.18280000000000002,-7.776658120439889e-72
0.1829,-7.22419918160103e-72
0.183,-6.710988290720883e-72
0.1831,-6.234237097497434e-72
0.1832,-5.791355353227607e-72
0.18330000000000002,-5.379936836073735e-72
0.1834,-4.997746276340863e-72
0.1835,-4.642707210709206e-72
0.1836,-4.312890699419607e-72
0.1837,-4.00650484509883e-72
0.18380000000000002,-3.7218850562637897e-72
0.1839,-3.4574850025987084e-72
0.184,-3.211868212848784e-72
0.1841,-2.983700269676687e-72
0.1842,-2.7717415590643086e-72
0.18430000000000002,-2.5748405348593193e-72
0.1844,-2.391927461865958e-72
0.1845,-2.2220086034784743e-72
0.18460000000000001,-2.0641608222731123e-72
0.1847,-1.917526564217445e-72
0.18480000000000002,-1.781309199240835e-72
0.1849,-1.6547686928472077e-72
0.185,-1.537217585249098e-72
0.18510000000000001,-1.4280172561744986e-72
0.1852,-1.3265744550487457e-72
0.18530000000000002,-1.2323380776972096e-72
0.1854,-1.1447961720540513e-72
0.1855,-1.0634731566054976e-72
0.18560000000000001,-9.879272364541593e-73
0.1857,-9.177480029628386e-73
0.18580000000000002,-8.525542039351577e-73
0.1859,-7.919916722168248e-73
0.186,-7.357314014615994e-73
0.18610000000000002,-6.834677586064319e-73
0.1862,-6.349168233430682e-73
0.18630000000000002,-5.898148455628003e-73
0.1864,-5.4791681239323815e-73
0.1865,-5.089951170403954e-73
0.18660000000000002,-4.7283832220330105e-73
0.1867,-4.392500113421329e-73
0.18680000000000002,-4.080477215578736e-73
0.1869,-3.790619522854701e-73
0.187,-3.5213524441405485e-73
0.18710000000000002,-3.271213248307408e-73
0.1872,-3.0388431173981505e-73
0.18730000000000002,-2.8229797643942332e-73
0.1874,-2.6224505754475004e-73
0.1875,-2.4361662393148823e-73
0.18760000000000002,-2.263114829383438e-73
0.1877,-2.1023563061297038e-73
0.18780000000000002,-1.9530174101441263e-73
0.1879,-1.8142869179731842e-73
0.188,-1.6854112350013108e-73
0.18810000000000002,-1.5656903014292247e-73
0.1882,-1.454473789103392e-73
0.1883,-1.3511575685337634e-73
0.1884,-1.2551804269043777e-73
0.1885,-1.1660210192452087e-73
0.18860000000000002,-1.0831950361995487e-73
0.1887,-1.0062525730006326e-73
0.1888,-9.347756853611977e-74
0.1889,-8.683761189981205e-74
0.189,-8.066932004556282e-74
0.18910000000000002,-7.493918777681718e-74
0.1892,-6.961609003179983e-74
0.1893,-6.467111279980024e-74
0.1894,-6.00773960494232e-74
0.1895,-5.580998781538424e-74
0.18960000000000002,-5.184570865113617e-74
0.1897,-4.816302571092006e-74
0.1898,-4.474193577711156e-74
0.1899,-4.1563856597381644e-74
0.19,-3.8611525941333e-74
0.19010000000000002,-3.586890782817207e-74
0.1902,-3.332110541600631e-74
0.1903,-3.0954280079482744e-74
0.1904,-2.875557623614845e-74
0.1905,-2.6713051513140726e-74
0.19060000000000002,-2.4815611874804345e-74
0.1907,-2.3052951358818517e-74
0.1908,-2.1415496093430114e-74
0.19090000000000001,-1.9894352291665254e-74
0.191,-1.8481257939986653e-74
0.19110000000000002,-1.7168537918937408e-74
0.1912,-1.5949062311966084e-74
0.1913,-1.4816207675936642e-74
0.19140000000000001,-1.376382106293131e-74
0.1915,-1.2786186597884703e-74
0.19160000000000002,-1.1877994430486944e-74
0.1917,-1.1034311892690604e-74
0.1918,-1.0250556705126788e-74
0.19190000000000002,-9.522472086886327e-75
0.192,-8.846103633443466e-75
0.19210000000000002,-8.217777837117592e-75
0.1922,-7.634082133389939e-75
0.1923,-7.0918463646751215e-75
0.19240000000000002,-6.588125560855367e-75
0.1925,-6.12018394303757e-75
0.19260000000000002,-5.685480063632005e-75
0.1927,-5.281653002035538e-75
0.1928,-4.906509540926084e-75
0.19290000000000002,-4.558012253509192e-75
0.193,-4.234268437005355e-75
0.19310000000000002,-3.933519832259944e-75
0.1932,-3.654133073633429e-75
0.1933,-3.3945908172928835e-75
0.19340000000000002,-3.1534834997138213e-75
0.1935,-2.9295016816230493e-75
0.19360000000000002,-2.7214289357939125e-75
0.1937,-2.5281352400609767e-75
0.1938,-2.348570839663942e-75
0.19390000000000002,-2.1817605455816814e-75
0.194,-2.026798437885005e-75
0.19410000000000002,-1.8828429453353652e-75
0.1942,-1.749112274504958e-75
0.1943,-1.624880163586712e-75
0.19440000000000002,-1.5094719378314147e-75
0.1945,-1.4022608451841247e-75
0.19460000000000002,-1.3026646522161655e-75
0.1947,-1.210142481862664e-75
0.1948,-1.1241918757878103e-75
0.19490000000000002,-1.044346065422352e-75
0.195,-9.7017143684926e-76
0.1951,-9.012651757678538e-76
0.1952,-8.372530797446585e-76
0.1953,-7.777875258672449e-76
0.19540000000000002,-7.225455827622682e-76
0.1955,-6.712272567229866e-76
0.1956,-6.235538624192836e-76
0.1957,-5.792665093411341e-76
0.1958,-5.3812469575393714e-76
0.19590000000000002,-4.9990500252889e-76
0.196,-4.643998797539625e-76
0.1961,-4.31416519534605e-76
0.1962,-4.007758088619385e-76
0.1963,-3.7231135686102644e-76
0.19640000000000002,-3.4586859113543475e-76
0.1965,-3.213039183002609e-76
0.1966,-2.9848394414382333e-76
0.1967,-2.772847491825046e-76
0.1968,-2.575912156740583e-76
0.19690000000000002,-2.3929640243396142e-76
0.197,-2.2230096405935536e-76
0.1971,-2.0651261140609273e-76
0.19720000000000001,-1.918456103886378e-76
0.1973,-1.782203163806086e-76
0.19740000000000002,-1.6556274168713866e-76
0.1975,-1.5380415373994162e-76
0.1976,-1.4288070183272346e-76
0.19770000000000001,-1.3273307036973215e-76
0.1978,-1.2330615674408169e-76
0.19790000000000002,-1.1454877209639598e-76
0.198,-1.0641336332857507e-76
0.1981,-9.885575486281414e-77
0.19820000000000002,-9.183490874343981e-77
0.1983,-8.531270177856995e-77
0.19840000000000002,-7.925371851127294e-77
0.1985,-7.36250588958575e-77
0.1986,-6.83961596347315e-77
0.19870000000000002,-6.353862820553266e-77
0.1988,-5.902608867714886e-77
0.19890000000000002,-5.483403847721035e-77
0.199,-5.0939715333220606e-77
0.1991,-4.732197366464517e-77
0.19920000000000002,-4.396116975467467e-77
0.1993,-4.083905507805236e-77
0.19940000000000002,-3.793867720560879e-77
0.1995,-3.5244287747376355e-77
0.1996,-3.27412568342834e-77
0.19970000000000002,-3.041599367404561e-77
0.1998,-2.825587274977848e-77
0.19990000000000002,-2.6249165260536745e-77
0.2,-2.438497543145871e-77
