0.0001,-3.0247869804152176e-13
0.0002,-1.50319887864393e-13
0.00030000000000000003,-9.936004169297997e-14
0.0004,-7.374126850978001e-14
0.0005,-5.828143089079948e-14
0.0006000000000000001,-4.7915092867649896e-14
0.0007,-4.046879598164099e-14
0.0008,-3.485426078356693e-14
0.0009000000000000001,-3.0465873779767605e-14
0.001,-2.693956664580791e-14
0.0011,-2.4043155553516217e-14
0.0012000000000000001,-2.1621476710967665e-14
0.0013000000000000002,-1.9566823409786416e-14
0.0014,-1.7802039896398537e-14
0.0015,-1.6270369109098166e-14
0.0016,-1.4929101650685332e-14
0.0017000000000000001,-1.3745462177589526e-14
0.0018000000000000002,-1.2693864019963811e-14
0.0019,-1.1754028572968331e-14
0.002,-1.0909667224679178e-14
0.0021000000000000003,-1.0147538618268903e-14
0.0022,-9.456762048815009e-15
0.0023,-8.828309206840552e-15
0.0024000000000000002,-8.25462237544839e-15
0.0025,-7.729323768933341e-15
0.0026000000000000003,-7.246991547957091e-15
0.0027,-6.802985281871924e-15
0.0028,-6.393308541452642e-15
0.0029000000000000002,-6.014499695417034e-15
0.003,-5.663544358714357e-15
0.0031000000000000003,-5.337804626881862e-15
0.0032,-5.034961443652611e-15
0.0033,-4.752967331730248e-15
0.0034000000000000002,-4.490007366201065e-15
0.0035,-4.244466752955095e-15
0.0036000000000000003,-4.014903736956219e-15
0.0037,-3.800026839731097e-15
0.0038,-3.598675635137543e-15
0.0039000000000000003,-3.4098044339182515e-15
0.004,-3.232468372781843e-15
0.0041,-3.0658115015918256e-15
0.004200000000000001,-2.9090565391936483e-15
0.0043,-2.7614960293156714e-15
0.0044,-2.6224846764788167e-15
0.0045000000000000005,-2.491432680690932e-15
0.0046,-2.3677999209786742e-15
0.0047,-2.251090863126675e-15
0.0048000000000000004,-2.1408500875880886e-15
0.0049,-2.0366583503629673e-15
0.005,-1.938129103460769e-15
0.0051,-1.8449054129591895e-15
0.005200000000000001,-1.756657222107437e-15
0.0053,-1.6730789147665496e-15
0.0054,-1.5938871410255177e-15
0.0055000000000000005,-1.5188188723149071e-15
0.0056,-1.447629657948207e-15
0.0057,-1.3800920589079808e-15
0.0058000000000000005,-1.3159942379826755e-15
0.0059,-1.2551386881515555e-15
0.006,-1.1973410834919861e-15
0.0061,-1.1424292389128065e-15
0.006200000000000001,-1.0902421667554196e-15
0.0063,-1.0406292197964856e-15
0.0064,-9.93449311470855e-16
0.006500000000000001,-9.485702052422766e-16
0.0066,-9.058678660088971e-16
0.0067,-8.65225867262845e-16
0.0068000000000000005,-8.265348484466629e-16
0.006900000000000001,-7.896920175798035e-16
0.007,-7.546006947788784e-16
0.0071,-7.211698927771358e-16
0.007200000000000001,-6.893139309710281e-16
0.0073,-6.589520798929309e-16
0.0074,-6.30008233335837e-16
0.007500000000000001,-6.024106056440448e-16
0.0076,-5.760914519385465e-16
0.0077,-5.509868092712678e-16
0.0078000000000000005,-5.270362569022142e-16
0.0079,-5.04182694071175e-16
0.008,-4.823721337936123e-16
0.0081,-4.615535113511814e-16
0.0082,-4.4167850627299316e-16
0.0083,-4.2270137671607267e-16
0.008400000000000001,-4.04578805254041e-16
0.0085,-3.8726975517322466e-16
0.0086,-3.707353364563454e-16
0.008700000000000001,-3.549386807067371e-16
0.0088,-3.3984482433156037e-16
0.0089,-3.2542059936155624e-16
0.009000000000000001,-3.1163453133820216e-16
0.0091,-2.984567437473213e-16
0.0092,-2.8585886852179554e-16
0.009300000000000001,-2.738139621755428e-16
0.0094,-2.6229642716674487e-16
0.0095,-2.5128193812084503e-16
0.009600000000000001,-2.407473725734217e-16
0.0097,-2.3067074591995393e-16
0.0098,-2.2103115028401643e-16
0.0099,-2.1180869703781818e-16
0.01,-2.0298446272940352e-16
0.010100000000000001,-1.945404381895007e-16
0.0102,-1.864594806080721e-16
0.0103,-1.787252683862436e-16
0.010400000000000001,-1.71322258583617e-16
0.0105,-1.6423564679410855e-16
0.0106,-1.5745132929551648e-16
0.010700000000000001,-1.509558673291102e-16
0.0108,-1.4473645337572912e-16
0.0109,-1.3878087930426136e-16
0.011000000000000001,-1.330775062770254e-16
0.0111,-1.2761523630454696e-16
0.0112,-1.223834853495798e-16
0.011300000000000001,-1.1737215788701763e-16
0.0114,-1.1257162283261795e-16
0.0115,-1.0797269075927055e-16
0.011600000000000001,-1.035665923249147e-16
0.0117,-9.934495784119038e-17
0.0118,-9.52997979165196e-17
0.0119,-9.142348511159736e-17
0.012,-8.770873654924004e-17
0.012100000000000001,-8.414859742422932e-17
0.0122,-8.07364253622183e-17
0.0123,-7.746587557995193e-17
0.012400000000000001,-7.433088680202291e-17
0.0125,-7.132566789214308e-17
0.0126,-6.844468515948394e-17
0.012700000000000001,-6.568265030303837e-17
0.0128,-6.303450895919115e-17
0.0129,-6.049542981977327e-17
0.013000000000000001,-5.806079428982388e-17
0.0131,-5.572618665610492e-17
0.0132,-5.348738473911163e-17
0.013300000000000001,-5.134035100291847e-17
0.0134,-4.9281224098684006e-17
0.0135,-4.730631081903478e-17
0.013600000000000001,-4.5412078441852e-17
0.0137,-4.3595147443208407e-17
0.013800000000000002,-4.185228456034864e-17
0.013900000000000001,-4.018039618668226e-17
0.014,-3.857652208176615e-17
0.014100000000000001,-3.703782938020142e-17
0.0142,-3.5561606884257917e-17
0.0143,-3.414525962587514e-17
0.014400000000000001,-3.278630368447435e-17
0.0145,-3.148236124775347e-17
0.0146,-3.0231155903332014e-17
0.014700000000000001,-2.9030508149765877e-17
0.0148,-2.7878331116067326e-17
0.0149,-2.6772626479444318e-17
0.015000000000000001,-2.571148057151927e-17
0.0151,-2.469306066380181e-17
0.0152,-2.3715611423673196e-17
0.015300000000000001,-2.2777451532599513e-17
0.0154,-2.1876970458720044e-17
0.0155,-2.101262537636477e-17
0.015600000000000001,-2.0182938225439092e-17
0.015700000000000002,-1.938649290397643e-17
0.0158,-1.8621932587501658e-17
0.0159,-1.7887957169172213e-17
0.016,-1.7183320814969837e-17
0.0161,-1.650682962850425e-17
0.0162,-1.58573394202644e-17
0.016300000000000002,-1.5233753576411058e-17
0.0164,-1.463502102244958e-17
0.0165,-1.4060134277352774e-17
0.0166,-1.3508127593924034e-17
0.0167,-1.2978075181397394e-17
0.016800000000000002,-1.2469089506468865e-17
0.016900000000000002,-1.1980319669139096e-17
0.017,-1.1510949849924175e-17
0.0171,-1.1060197825159038e-17
0.0172,-1.0627313547276104e-17
0.0173,-1.0211577787092811e-17
0.017400000000000002,-9.812300835284058e-18
0.0175,-9.428821260351278e-18
0.0176,-9.060504720528087e-18
0.0177,-8.706742827184843e-18
0.0178,-8.36695205740985e-18
0.0179,-8.040572713555234e-18
0.018000000000000002,-7.727067927639642e-18
0.0181,-7.425922708599564e-18
0.0182,-7.136643030474785e-18
0.0183,-6.8587549597036265e-18
0.0184,-6.591803819788339e-18
0.018500000000000003,-6.3353533916722036e-18
0.018600000000000002,-6.0889851482467774e-18
0.0187,-5.8522975214808624e-18
0.0188,-5.624905200732609e-18
0.0189,-5.4064384608720435e-18
0.019,-5.196542518904693e-18
0.019100000000000002,-4.9948769178467326e-18
0.019200000000000002,-4.801114936659239e-18
0.0193,-4.61494302510336e-18
0.0194,-4.436060262430223e-18
0.0195,-4.2641778388683246e-18
0.0196,-4.099018558918355e-18
0.019700000000000002,-3.940316365509879e-18
0.0198,-3.787815884117083e-18
0.0199,-3.641271985971134e-18
0.02,-3.500449369545659e-18
0.0201,-3.365122159528363e-18
0.020200000000000003,-3.2350735225272055e-18
0.020300000000000002,-3.1100952987928687e-18
0.0204,-2.9899876492712555e-18
0.0205,-2.8745587173301875e-18
0.0206,-2.7636243045334735e-18
0.0207,-2.657007559863269e-18
0.020800000000000003,-2.554538681817993e-18
0.020900000000000002,-2.4560546328383735e-18
0.021,-2.361398865538104e-18
0.0211,-2.2704210602386964e-18
0.0212,-2.182976873329889e-18
0.0213,-2.0989276959979597e-18
0.021400000000000002,-2.018140422884199e-18
0.021500000000000002,-1.940487230254882e-18
0.0216,-1.8658453632822394e-18
0.0217,-1.794096932053351e-18
0.0218,-1.7251287159404004e-18
0.0219,-1.65883197598164e-18
0.022000000000000002,-1.59510227493752e-18
0.0221,-1.5338393047008957e-18
0.0222,-1.474946720754016e-18
0.0223,-1.4183319833782678e-18
0.0224,-1.3639062053351708e-18
0.022500000000000003,-1.3115840057492313e-18
0.022600000000000002,-1.2612833699347524e-18
0.0227,-1.2129255149197217e-18
0.0228,-1.16643476043041e-18
0.0229,-1.1217384051103883e-18
0.023,-1.0787666077572768e-18
0.023100000000000002,-1.0374522733697384e-18
0.023200000000000002,-9.97730943806037e-19
0.0233,-9.595406928638611e-19
0.0234,-9.228220255991934e-19
0.0235,-8.875177817096745e-19
0.0236,-8.535730428152673e-19
0.023700000000000002,-8.209350434760822e-19
0.0238,-7.8955308579394445e-19
0.0239,-7.593784574507337e-19
0.024,-7.303643530426885e-19
0.0241,-7.024657985757637e-19
0.024200000000000003,-6.756395789927784e-19
0.024300000000000002,-6.498441686084993e-19
0.0244,-6.250396643339445e-19
0.0245,-6.011877215761911e-19
0.0246,-5.782514927046624e-19
0.0247,-5.561955679794217e-19
0.024800000000000003,-5.349859188413483e-19
0.024900000000000002,-5.145898434682088e-19
0.025,-4.949759145046342e-19
0.0251,-4.76113928877808e-19
0.0252,-4.579748596143305e-19
0.0253,-4.405308095772077e-19
0.025400000000000002,-4.237549670452683e-19
0.025500000000000002,-4.0762156306051275e-19
0.0256,-3.9210583047195873e-19
0.0257,-3.771839646075076e-19
0.0258,-3.62833085508148e-19
0.025900000000000003,-3.4903120166153474e-19
0.026000000000000002,-3.3575717517454094e-19
0.0261,-3.2299068832687145e-19
0.0262,-3.107122114502034e-19
0.0263,-2.989029720795742e-19
0.0264,-2.875449253259303e-19
0.026500000000000003,-2.766207254208294e-19
0.026600000000000002,-2.6611369838629343e-19
0.0267,-2.5600781578471985e-19
0.0268,-2.462876695056028e-19
0.0269,-2.3693844754757015e-19
0.027,-2.2794591075593356e-19
0.027100000000000003,-2.192963704775633e-19
0.027200000000000002,-2.1097666709645362e-19
0.0273,-2.0297414941482318e-19
0.0274,-1.9527665484603154e-19
0.0275,-1.8787249038694695e-19
0.027600000000000003,-1.8075041433871616e-19
0.027700000000000002,-1.7389961874614213e-19
0.027800000000000002,-1.673097125270783e-19
0.0279,-1.6097070526440204e-19
0.028,-1.548729916342385e-19
0.0281,-1.4900733644516524e-19
0.028200000000000003,-1.433648602641475e-19
0.028300000000000002,-1.37937025605931e-19
0.0284,-1.3271562366354976e-19
0.0285,-1.276927615585143e-19
0.0286,-1.2286085009009634e-19
0.0287,-1.1821259196395886e-19
0.028800000000000003,-1.1374097048117e-19
0.028900000000000002,-1.0943923866939962e-19
0.029,-1.0530090883882735e-19
0.0291,-1.0131974254598858e-19
0.0292,-9.748974094945744e-20
0.029300000000000003,-9.38051355419084e-20
0.029400000000000003,-9.026037924371716e-20
0.029500000000000002,-8.685013784384984e-20
0.0296,-8.356928177436555e-20
0.0297,-8.041287820539453e-20
0.0298,-7.737618344798238e-20
0.029900000000000003,-7.445463565269332e-20
0.030000000000000002,-7.164384779234374e-20
0.030100000000000002,-6.893960091770296e-20
0.0302,-6.633783767544124e-20
0.0303,-6.38346560780307e-20
0.0304,-6.14263035157124e-20
0.030500000000000003,-5.91091710010376e-20
0.030600000000000002,-5.687978763686598e-20
0.0307,-5.473481529906398e-20
0.0308,-5.2671043525497585e-20
0.0309,-5.068538460324087e-20
0.031,-4.8774868846246073e-20
0.031100000000000003,-4.693664005602486e-20
0.031200000000000002,-4.5167951158186955e-20
0.0313,-4.346616000796238e-20
0.031400000000000004,-4.182872535810811e-20
0.0315,-4.025320298285809e-20
0.0316,-3.873724195182544e-20
0.0317,-3.7278581048009205e-20
0.0318,-3.587504532428341e-20
0.031900000000000005,-3.4524542792971864e-20
0.032,-3.3225061243322786e-20
0.032100000000000004,-3.197466518190026e-20
0.0322,-3.07714928911097e-20
0.0323,-2.961375360125567e-20
0.0324,-2.849972477171955e-20
0.0325,-2.742774947700921e-20
0.032600000000000004,-2.6396233893607816e-20
0.0327,-2.5403644883701304e-20
0.0328,-2.4448507672023846e-20
0.0329,-2.3529403612203977e-20
0.033,-2.2644968039137636e-20
0.033100000000000004,-2.17938882040508e-20
0.0332,-2.0974901289042868e-20
0.0333,-2.0186792498030054e-20
0.0334,-1.9428393221127662e-20
0.0335,-1.8698579269624273e-20
0.033600000000000005,-1.7996269178815463e-20
0.0337,-1.73204225760677e-20
0.033800000000000004,-1.667003861158884e-20
0.0339,-1.6044154449478236e-20
0.034,-1.5441843816724702e-20
0.0341,-1.4862215607912353e-20
0.0342,-1.430441254347946e-20
0.034300000000000004,-1.3767609879462712e-20
0.0344,-1.3251014166736418e-20
0.0345,-1.2753862057835856e-20
0.0346,-1.2275419159528375e-20
0.0347,-1.1814978929365274e-20
0.034800000000000005,-1.1371861614519114e-20
0.0349,-1.0945413231274568e-20
0.035,-1.0535004583605444e-20
0.0351,-1.0140030319331918e-20
0.0352,-9.75990802240883e-21
0.035300000000000005,-9.394077339954267e-21
0.0354,-9.041999142679689e-21
0.035500000000000004,-8.703154717435985e-21
0.0356,-8.377044990639673e-21
0.0357,-8.063189781390476e-21
0.0358,-7.761127083138628e-21
0.0359,-7.470412372803792e-21
0.036000000000000004,-7.190617946290332e-21
0.0361,-6.921332279384482e-21
0.0362,-6.662159413057925e-21
0.0363,-6.412718362240769e-21
0.0364,-6.172642547162005e-21
0.036500000000000005,-5.9415792463917886e-21
0.0366,-5.719189070751937e-21
0.0367,-5.505145457294403e-21
0.0368,-5.299134182577722e-21
0.0369,-5.100852894501335e-21
0.037000000000000005,-4.910010661986351e-21
0.0371,-4.726327541818719e-21
0.037200000000000004,-4.549534161996936e-21
0.0373,-4.379371320952404e-21
0.0374,-4.2155896020339654e-21
0.0375,-4.0579490026727096e-21
0.0376,-3.906218577664531e-21
0.037700000000000004,-3.7601760960306054e-21
0.0378,-3.619607710935855e-21
0.0379,-3.484307642166158e-21
0.038,-3.354077870683969e-21
0.0381,-3.228727844800329e-21
0.038200000000000005,-3.1080741975195867e-21
0.0383,-2.9919404746294788e-21
0.038400000000000004,-2.880156873126218e-21
0.0385,-2.772559989579871e-21
0.0386,-2.668992578060115e-21
0.038700000000000005,-2.5693033172577418e-21
0.0388,-2.4733465864505137e-21
0.038900000000000004,-2.380982249976089e-21
0.039,-2.2920754498873616e-21
0.0391,-2.206496406477978e-21
0.0392,-2.1241202263780875e-21
0.0393,-2.044826717931418e-21
0.039400000000000004,-1.968500213576367e-21
0.0395,-1.895029398963946e-21
0.0396,-1.824307148555963e-21
0.0397,-1.7562303674566122e-21
0.0398,-1.6906998392399404e-21
0.039900000000000005,-1.6276200795449397e-21
0.04,-1.566899195218662e-21
0.040100000000000004,-1.508448748796118e-21
0.0402,-1.4521836281139762e-21
0.0403,-1.3980219208625573e-21
0.040400000000000005,-1.3458847938884429e-21
0.0405,-1.2956963770668557e-21
0.040600000000000004,-1.2473836515701505e-21
0.0407,-1.2008763423652237e-21
0.0408,-1.1561068147791126e-21
0.0409,-1.1130099749781783e-21
0.041,-1.0715231742121629e-21
0.041100000000000005,-1.0315861166801029e-21
0.0412,-9.9314077088054e-22
0.0413,-9.561312843136793e-22
0.0414,-9.205039014083042e-22
0.0415,-8.862068845509319e-22
0.041600000000000005,-8.531904380995818e-22
0.0417,-8.214066352688011e-22
0.041800000000000004,-7.908093477770882e-22
0.0419,-7.613541781518928e-22
0.042,-7.329983945914064e-22
0.042100000000000005,-7.057008682862157e-22
0.0422,-6.794220131075315e-22
0.042300000000000004,-6.541237275722956e-22
0.0424,-6.297693389989128e-22
0.0425,-6.063235497705296e-22
0.0426,-5.837523856260979e-22
0.0427,-5.620231459023392e-22
0.042800000000000005,-5.41104355652784e-22
0.0429,-5.209657195727775e-22
0.043000000000000003,-5.015780776620772e-22
0.0431,-4.829133625593048e-22
0.0432,-4.649445584849271e-22
0.043300000000000005,-4.476456617319527e-22
0.0434,-4.30991642645748e-22
0.043500000000000004,-4.1495840903665777e-22
0.0436,-3.995227709712563e-22
0.0437,-3.846624068900561e-22
0.0438,-3.7035583100157426e-22
0.0439,-3.565823619044517e-22
0.044000000000000004,-3.4332209239125784e-22
0.0441,-3.3055586038928875e-22
0.0442,-3.1826522099541016e-22
0.0443,-3.064324195636249e-22
0.0444,-2.9504036580557344e-22
0.044500000000000005,-2.840726088657419e-22
0.0446,-2.7351331333454597e-22
0.044700000000000004,-2.6334723616389076e-22
0.0448,-2.5355970445114927e-22
0.0449,-2.4413659405875415e-22
0.045000000000000005,-2.350643090378992e-22
0.0451,-2.2632976182598075e-22
0.045200000000000004,-2.179203541886133e-22
0.0453,-2.0982395887810651e-22
0.0454,-2.0202890198140879e-22
0.0455,-1.9452394593148945e-22
0.0456,-1.872982731571663e-22
0.045700000000000005,-1.803414703472988e-22
0.0458,-1.736435133061876e-22
0.0459,-1.671947523778992e-22
0.046,-1.609858984180846e-22
0.0461,-1.5500800929264676e-22
0.046200000000000005,-1.4925247688342564e-22
0.0463,-1.437110145817902e-22
0.046400000000000004,-1.383756452517636e-22
0.0465,-1.332386896450085e-22
0.0466,-1.2829275525064281e-22
0.046700000000000005,-1.2353072556353234e-22
0.0468,-1.1894574975529461e-22
0.046900000000000004,-1.1453123273286155e-22
0.047,-1.1028082557002116e-22
0.0471,-1.0618841629789163e-22
0.0472,-1.0224812104083826e-22
0.0473,-9.845427548482449e-23
0.047400000000000005,-9.480142666570398e-23
0.0475,-9.128432506541651e-23
0.0476,-8.789791700450668e-23
0.0477,-8.463733731983198e-23
0.0478,-8.149790231672924e-23
0.047900000000000005,-7.847510298533201e-23
0.048,-7.55645984711036e-23
0.048100000000000004,-7.276220979003531e-23
0.0482,-7.006391377931919e-23
0.0483,-6.74658372746415e-23
0.048400000000000006,-6.496425150559214e-23
0.0485,-6.255556670098986e-23
0.048600000000000004,-6.023632689624313e-23
0.0487,-5.800320493516119e-23
0.0488,-5.585299765890888e-23
0.0489,-5.378262127508592e-23
0.049,-5.1789106900162007e-23
0.049100000000000005,-4.9869596268767705e-23
0.0492,-4.802133760357252e-23
0.049300000000000004,-4.6241681639730196e-23
0.0494,-4.4528077798085554e-23
0.0495,-4.287807050156767e-23
0.049600000000000005,-4.128929562939257e-23
0.0497,-3.9759477103911486e-23
0.049800000000000004,-3.828642360512489e-23
0.0499,-3.6868025408079863e-23
0.05,-3.550225133853839e-23
0.050100000000000006,-3.4187145842486585e-23
0.0502,-3.292082616521397e-23
0.050300000000000004,-3.1701479635857316e-23
0.0504,-3.0527361053456955e-23
0.0505,-2.939679017071893e-23
0.0506,-2.830814927182503e-23
0.0507,-2.725988084076363e-23
0.050800000000000005,-2.6250485316793323e-23
0.0509,-2.527851893377302e-23
0.051000000000000004,-2.434259164021808e-23
0.0511,-2.3441365097060273e-23
0.0512,-2.257355075019941e-23
0.051300000000000005,-2.173790797504893e-23
0.0514,-2.0933242290377433e-23
0.051500000000000004,-2.0158403638853997e-23
0.0516,-1.9412284731799682e-23
0.0517,-1.8693819455741346e-23
0.051800000000000006,-1.8001981338456674e-23
0.0519,-1.7335782072282378e-23
0.052000000000000005,-1.669427009254397e-23
0.0521,-1.6076529209045096e-23
0.0522,-1.5481677288630287e-23
0.0523,-1.4908864986912407e-23
0.0524,-1.4357274527324095e-23
0.052500000000000005,-1.3826118525725208e-23
0.0526,-1.33146388588612e-23
0.052700000000000004,-1.282210557503356e-23
0.0528,-1.2347815845404391e-23
0.0529,-1.189109295441506e-23
0.053000000000000005,-1.1451285327858123e-23
0.0531,-1.102776559719387e-23
0.053200000000000004,-1.0619929698758196e-23
0.0533,-1.0227196006556673e-23
0.0534,-9.849004497391093e-24
0.053500000000000006,-9.484815947109223e-24
0.0536,-9.134111156816258e-24
0.053700000000000005,-8.79639020792753e-24
0.0538,-8.471171744986366e-24
0.0539,-8.157992285209004e-24
0.054,-7.856405553759462e-24
0.0541,-7.565981843792535e-24
0.054200000000000005,-7.286307400341146e-24
0.0543,-7.01698382715693e-24
0.054400000000000004,-6.757627515647594e-24
0.0545,-6.507869095086415e-24
0.0546,-6.267352903299203e-24
0.054700000000000006,-6.0357364770653e-24
0.0548,-5.812690061496243e-24
0.054900000000000004,-5.5978961376841994e-24
0.055,-5.391048967938689e-24
0.0551,-5.191854157954868e-24
0.055200000000000006,-5.000028235282368e-24
0.0553,-4.8152982434859896e-24
0.055400000000000005,-4.637401351413501e-24
0.0555,-4.466084477006822e-24
0.055600000000000004,-4.3011039251141285e-24
0.0557,-4.142225038781171e-24
0.0558,-3.989221863518686e-24
0.055900000000000005,-3.841876824062639e-24
0.056,-3.699980413161105e-24
0.056100000000000004,-3.56333089193969e-24
0.0562,-3.4317340014139696e-24
0.0563,-3.305002684733197e-24
0.056400000000000006,-3.1829568197556886e-24
0.0565,-3.0654229615705823e-24
0.056600000000000004,-2.9522340945954574e-24
0.0567,-2.8432293938931295e-24
0.0568,-2.738253995363868e-24
0.056900000000000006,-2.6371587744827256e-24
0.057,-2.53980013326339e-24
0.057100000000000005,-2.44603979514226e-24
0.0572,-2.3557446074877876e-24
0.057300000000000004,-2.2687863514510634e-24
0.0574,-2.1850415588841788e-24
0.0575,-2.1043913360633954e-24
0.057600000000000005,-2.026721193963488e-24
0.0577,-1.9519208848396385e-24
0.057800000000000004,-1.879884244881789e-24
0.0579,-1.810509042715658e-24
0.058,-1.743696833532563e-24
0.058100000000000006,-1.6793528186387633e-24
0.0582,-1.6173857102224548e-24
0.058300000000000005,-1.5577076011443204e-24
0.0584,-1.5002338395647523e-24
0.0585,-1.4448829082276447e-24
0.058600000000000006,-1.3915763082276734e-24
0.0587,-1.3402384470941228e-24
0.058800000000000005,-1.2907965310307345e-24
0.0589,-1.2431804611570466e-24
0.059000000000000004,-1.1973227336022498e-24
0.0591,-1.1531583433084307e-24
0.0592,-1.1106246914051094e-24
0.059300000000000005,-1.0696614960223968e-24
0.0594,-1.0302107064147853e-24
0.059500000000000004,-9.922164202725757e-25
0.0596,-9.556248041023899e-25
0.0597,-9.20384016562629e-25
0.059800000000000006,-8.86444134644123e-25
0.0599,-8.537570825901233e-25
0.060000000000000005,-8.222765634538558e-25
0.0601,-7.919579931956397e-25
0.060200000000000004,-7.627584372251105e-25
0.0603,-7.346365492977795e-25
0.0604,-7.075525126783541e-25
0.060500000000000005,-6.814679834866788e-25
0.0606,-6.563460361451363e-25
0.060700000000000004,-6.321511108494676e-25
0.0608,-6.088489629878639e-25
0.0609,-5.864066144358985e-25
0.061000000000000006,-5.647923066576971e-25
0.0611,-5.439754555461984e-25
0.061200000000000004,-5.239266079379447e-25
0.0613,-5.046173997402235e-25
0.0614,-4.860205156106718e-25
0.061500000000000006,-4.681096501316899e-25
0.0616,-4.508594704241975e-25
0.061700000000000005,-4.342455801472445e-25
0.0618,-4.182444848320808e-25
0.061900000000000004,-4.028335585010945e-25
0.062,-3.8799101152397235e-25
0.0621,-3.736958596651144e-25
0.062200000000000005,-3.59927894278132e-25
0.0623,-3.466676536048244e-25
0.062400000000000004,-3.338963951376561e-25
0.0625,-3.2159606900628695e-25
0.0626,-3.097492923501238e-25
0.0627,-2.9833932464034217e-25
0.06280000000000001,-2.8735004391612416e-25
0.0629,-2.7676592390121506e-25
0.063,-2.665720119681218e-25
0.0631,-2.567539079185414e-25
0.0632,-2.4729774354970495e-25
0.06330000000000001,-2.381901629775119e-25
0.0634,-2.294183036883877e-25
0.0635,-2.209697782928203e-25
0.0636,-2.128326569545765e-25
0.0637,-2.0499545047052974e-25
0.06380000000000001,-1.9744709397697674e-25
0.0639,-1.9017693125921938e-25
0.064,-1.8317469964203523e-25
0.0641,-1.7643051543952233e-25
0.06420000000000001,-1.6993485994355417e-25
0.06430000000000001,-1.6367856593090122e-25
0.0644,-1.5765280466978383e-25
0.0645,-1.5184907340734343e-25
0.0646,-1.4625918332022264e-25
0.06470000000000001,-1.4087524791106954e-25
0.0648,-1.3568967183445896e-25
0.0649,-1.3069514013630523e-25
0.065,-1.258846078914617e-25
0.0651,-1.212512902247325e-25
0.06520000000000001,-1.1678865270110718e-25
0.0653,-1.1249040207153112e-25
0.0654,-1.0835047736104542e-25
0.0655,-1.0436304128661165e-25
0.0656,-1.0052247199240553e-25
0.06570000000000001,-9.682335509082917e-26
0.0658,-9.326047599791071e-26
0.0659,-8.982881255219001e-26
0.066,-8.652352790659982e-26
0.0661,-8.333996368321981e-26
0.06620000000000001,-8.027363338117935e-26
0.0663,-7.732021602833236e-26
0.0664,-7.447555006767552e-26
0.0665,-7.173562746982656e-26
0.0666,-6.909658806318341e-26
0.06670000000000001,-6.655471407371305e-26
0.0668,-6.410642486660743e-26
0.0669,-6.174827188233214e-26
0.067,-5.947693375987906e-26
0.0671,-5.728921164028534e-26
0.06720000000000001,-5.518202464375274e-26
0.0673,-5.315240551394271e-26
0.0674,-5.1197496423256606e-26
0.0675,-4.9314544933149084e-26
0.06760000000000001,-4.750090010373228e-26
0.06770000000000001,-4.5754008747152764e-26
0.0678,-4.407141181941719e-26
0.0679,-4.2450740945545265e-26
0.068,-4.08897150731215e-26
0.06810000000000001,-3.9386137249489404e-26
0.0682,-3.7937891518019627e-26
0.0683,-3.6542939929043737e-26
0.0684,-3.519931966121684e-26
0.0685,-3.390514024921933e-26
0.06860000000000001,-3.265858091386888e-26
0.0687,-3.1457887990853793e-26
0.0688,-3.030137245443964e-26
0.0689,-2.9187407532640424e-26
0.069,-2.8114426410467635e-26
0.06910000000000001,-2.708092001800422e-26
0.0692,-2.608543490016477e-26
0.0693,-2.5126571165123422e-26
0.0694,-2.4202980508500585e-26
0.0695,-2.331336431050646e-26
0.06960000000000001,-2.2456471803347054e-26
0.0697,-2.1631098306292875e-26
0.0698,-2.083608352591044e-26
0.0699,-2.0070309919048293e-26
0.07,-1.9332701116257634e-26
0.07010000000000001,-1.8622220403413874e-26
0.0702,-1.7937869259388768e-26
0.0703,-1.7278685947700822e-26
0.0704,-1.6643744160151193e-26
0.07050000000000001,-1.6032151710521646e-26
0.07060000000000001,-1.5443049276486593e-26
0.0707,-1.4875609187957307e-26
0.0708,-1.4329034260142097e-26
0.0709,-1.3802556669672135e-26
0.07100000000000001,-1.3295436872199888e-26
0.0711,-1.280696255993927e-26
0.0712,-1.2336447657672154e-26
0.0713,-1.1883231355799933e-26
0.0714,-1.1446677179071807e-26
0.07150000000000001,-1.102617208967216e-26
0.0716,-1.0621125623398505e-26
0.0717,-1.0230969057706856e-26
0.0718,-9.855154610448742e-27
0.0719,-9.49315466816585e-27
0.07200000000000001,-9.144461042850823e-27
0.0721,-8.808584256123457e-27
0.0722,-8.485052849809369e-27
0.0723,-8.173412721947377e-27
0.0724,-7.873226487285419e-27
0.07250000000000001,-7.584072861361905e-27
0.0726,-7.305546067301414e-27
0.0727,-7.037255264486011e-27
0.0728,-6.778823998295376e-27
0.0729,-6.529889670137057e-27
0.07300000000000001,-6.290103027018671e-27
0.0731,-6.059127669940333e-27
0.0732,-5.836639580412986e-27
0.0733,-5.62232666443351e-27
0.0734,-5.415888313272184e-27
0.07350000000000001,-5.2170349804525254e-27
0.0736,-5.0254877743255e-27
0.0737,-4.840978065662865e-27
0.0738,-4.6632471097155216e-27
0.07390000000000001,-4.492045682203053e-27
0.07400000000000001,-4.327133728720362e-27
0.0741,-4.1682800270665785e-27
0.0742,-4.015261862019211e-27
0.0743,-3.867864712094881e-27
0.07440000000000001,-3.725881947853875e-27
0.0745,-3.589114541323107e-27
0.0746,-3.4573707861270625e-27
0.0747,-3.330466027932152e-27
0.0748,-3.20822240482354e-27
0.07490000000000001,-3.0904685972485228e-27
0.075,-2.977039587173457e-27
0.0751,-2.867776426114365e-27
0.0752,-2.762526011714276e-27
0.0753,-2.6611408725516894e-27
0.07540000000000001,-2.563478960876921e-27
0.0755,-2.4694034529839893e-27
0.0756,-2.3787825569363008e-27
0.0757,-2.291489327375194e-27
0.0758,-2.207401487150109e-27
0.07590000000000001,-2.1264012555188187e-27
0.076,-2.048375182675621e-27
0.0761,-1.973213990374037e-27
0.0762,-1.900812418419615e-27
0.0763,-1.831069076816098e-27
0.07640000000000001,-1.763886303356839e-27
0.0765,-1.6991700264606215e-27
0.0766,-1.6368296330585562e-27
0.0767,-1.5767778413460415e-27
0.07680000000000001,-1.5189305782202484e-27
0.07690000000000001,-1.4632068612306198e-27
0.077,-1.4095286848759697e-27
0.0771,-1.3578209110880554e-27
0.0772,-1.3080111637473172e-27
0.07730000000000001,-1.2600297270821785e-27
0.07740000000000001,-1.213809447808832e-27
0.0775,-1.1692856408737079e-27
0.0776,-1.126395998665804e-27
0.0777,-1.0850805035711063e-27
0.07780000000000001,-1.0452813437459428e-27
0.0779,-1.006942831990652e-27
0.078,-9.700113276093516e-28
0.0781,-9.344351611458845e-28
0.0782,-9.001645618898477e-28
0.07830000000000001,-8.671515880507758e-28
0.0784,-8.353500595021515e-28
0.0785,-8.0471549300056315e-28
0.0786,-7.7520503978892545e-28
0.0787,-7.467774254958402e-28
0.07880000000000001,-7.19392892246613e-28
0.0789,-6.9301314290444695e-28
0.079,-6.676012873633333e-28
0.0791,-6.431217908171603e-28
0.0792,-6.195404239321666e-28
0.07930000000000001,-5.968242148527117e-28
0.0794,-5.749414029728568e-28
0.0795,-5.538613944086908e-28
0.0796,-5.335547191088396e-28
0.07970000000000001,-5.139929895427769e-28
0.07980000000000001,-4.95148860908908e-28
0.0799,-4.769959928064266e-28
0.08,-4.595090123170609e-28
0.0801,-4.426634784448511e-28
0.08020000000000001,-4.2643584786389035e-28
0.08030000000000001,-4.108034419259409e-28
0.0804,-3.957444148815202e-28
0.0805,-3.8123772326978683e-28
0.0806,-3.672630964342369e-28
0.08070000000000001,-3.5380100812272507e-28
0.08080000000000001,-3.408326491319377e-28
0.0809,-3.2833990095785786e-28
0.081,-3.1630531041521064e-28
0.0811,-3.0471206519022063e-28
0.08120000000000001,-2.9354397029233215e-28
0.0813,-2.827854253718129e-28
0.0814,-2.7242140287138394e-28
0.0815,-2.6243742698117897e-28
0.0816,-2.5281955336746533e-28
0.08170000000000001,-2.4355434964667778e-28
0.0818,-2.3462887657731927e-28
0.0819,-2.2603066994332585e-28
0.082,-2.1774772310345882e-28
0.0821,-2.0976847018221597e-28
0.08220000000000001,-2.0208176987865716e-28
0.0823,-1.9467688987042037e-28
0.0824,-1.8754349179102017e-28
0.0825,-1.8067161675936263e-28
0.0826,-1.740516714411329e-28
0.08270000000000001,-1.676744146225142e-28
0.0828,-1.6153094427738546e-28
0.0829,-1.5561268510983997e-28
0.083,-1.499113765545605e-28
0.08310000000000001,-1.4441906121818911e-28
0.08320000000000001,-1.3912807374548524e-28
0.0833,-1.3403103009465195e-28
0.0834,-1.2912081720677061e-28
0.0835,-1.2439058305486494e-28
0.08360000000000001,-1.1983372705861936e-28
0.08370000000000001,-1.1544389085131985e-28
0.0838,-1.1121494938605445e-28
0.0839,-1.071410023686996e-28
0.084,-1.032163660056883e-28
0.08410000000000001,-9.943556505496791e-29
0.08420000000000001,-9.579332516901349e-29
0.0843,-9.228456551915432e-29
0.0844,-8.890439169086799e-29
0.0845,-8.564808884008916e-29
0.08460000000000001,-8.25111151009253e-29
0.0847,-7.94890952355468e-29
0.0848,-7.65778145173414e-29
0.0849,-7.377321283876765e-29
0.085,-7.10713790356361e-29
0.08510000000000001,-6.846854541987146e-29
0.0852,-6.596108251308825e-29
0.0853,-6.354549397360134e-29
0.0854,-6.121841170976054e-29
0.0855,-5.897659117275909e-29
0.08560000000000001,-5.681690682232499e-29
0.0857,-5.473634775893576e-29
0.0858,-5.273201351644012e-29
0.0859,-5.080111000919108e-29
0.08600000000000001,-4.8940945628012425e-29
0.08610000000000001,-4.714892747952795e-29
0.0862,-4.5422557763587245e-29
0.0863,-4.375943028371119e-29
0.0864,-4.215722708567385e-29
0.08650000000000001,-4.061371521950646e-29
0.08660000000000001,-3.912674362039331e-29
0.0867,-3.7694240104089836e-29
0.0868,-3.631420847265351e-29
0.0869,-3.498472572643922e-29
0.08700000000000001,-3.3703939378449427e-29
0.08710000000000001,-3.2470064867283034e-29
0.0872,-3.128138306505875e-29
0.0873,-3.013623787682447e-29
0.0874,-2.903303392809378e-29
0.08750000000000001,-2.797023433726725e-29
0.0876,-2.694635856982774e-29
0.0877,-2.595998037129769e-29
0.0878,-2.5009725776074953e-29
0.0879,-2.409427118934998e-29
0.08800000000000001,-2.3212341539429072e-29
0.0881,-2.2362708497871049e-29
0.0882,-2.154418876495159e-29
0.0883,-2.0755642418052987e-29
0.0884,-1.999597132067045e-29
0.08850000000000001,-1.9264117589806192e-29
0.0886,-1.8559062119610447e-29
0.0887,-1.7879823159201377e-29
0.0888,-1.7225454942675242e-29
0.0889,-1.6595046369390966e-29
0.08900000000000001,-1.5987719732681104e-29
0.0891,-1.5402629495214288e-29
0.0892,-1.483896110929185e-29
0.0893,-1.42959298804343e-29
0.08940000000000001,-1.3772779872662216e-29
0.08950000000000001,-1.3268782853946077e-29
0.0896,-1.2783237280346214e-29
0.0897,-1.2315467317425354e-29
0.0898,-1.1864821897563578e-29
0.08990000000000001,-1.1430673811858887e-29
0.09000000000000001,-1.1012418835342283e-29
0.0901,-1.0609474884286192e-29
0.0902,-1.0221281204426704e-29
0.0903,-9.847297588965855e-30
0.09040000000000001,-9.487003625259651e-30
0.09050000000000001,-9.13989796914027e-30
0.0906,-8.805497645857483e-30
0.0907,-8.48333737666165e-30
0.0908,-8.172968930088461e-30
0.09090000000000001,-7.8739604970378e-30
0.091,-7.585896088774142e-30
0.0911,-7.308374957006056e-30
0.0912,-7.041011035236802e-30
0.0913,-6.783432400602516e-30
0.09140000000000001,-6.53528075544875e-30
0.0915,-6.2962109279190726e-30
0.0916,-6.0658903908594394e-30
0.0917,-5.843998798365367e-30
0.0918,-5.6302275393251245e-30
0.09190000000000001,-5.4242793073345264e-30
0.092,-5.225867686383776e-30
0.0921,-5.0347167517361436e-30
0.0922,-4.8505606854429215e-30
0.09230000000000001,-4.673143405955694e-30
0.09240000000000001,-4.502218211320246e-30
0.0925,-4.337547435453172e-30
0.0926,-4.1789021170209906e-30
0.0927,-4.026061680460067e-30
0.09280000000000001,-3.8788136286913836e-30
0.09290000000000001,-3.7369532471015535e-30
0.093,-3.6002833183762965e-30
0.0931,-3.4686138477888516e-30
0.0932,-3.341761798559371e-30
0.09330000000000001,-3.21955083691618e-30
0.09340000000000001,-3.1018110865026505e-30
0.0935,-2.9883788917874865e-30
0.0936,-2.879096590147382e-30
0.0937,-2.7738122923049753e-30
0.09380000000000001,-2.6723796708145524e-30
0.09390000000000001,-2.5746577563013025e-30
0.094,-2.480510741169031e-30
0.0941,-2.389807790502932e-30
0.0942,-2.3024228599032517e-30
0.09430000000000001,-2.2182345199958543e-30
0.0944,-2.1371257873745764e-30
0.0945,-2.0589839617398466e-30
0.0946,-1.9837004690060746e-30
0.0947,-1.911170710159058e-30
0.09480000000000001,-1.841293915652589e-30
0.0949,-1.7739730051409666e-30
0.095,-1.7091144523520195e-30
0.0951,-1.64662815491195e-30
0.0952,-1.586427308940577e-30
0.09530000000000001,-1.5284282882418779e-30
0.0954,-1.4725505279216524e-30
0.0955,-1.4187164122695823e-30
0.0956,-1.3668511667498543e-30
0.09570000000000001,-1.3168827539491667e-30
0.09580000000000001,-1.2687417733375175e-30
0.0959,-1.2223613647016365e-30
0.096,-1.1776771151166776e-30
0.0961,-1.1346269693263045e-30
0.09620000000000001,-1.0931511434063327e-30
0.09630000000000001,-1.0531920415914252e-30
0.0964,-1.014694176149065e-30
0.0965,-9.776040901889687e-31
0.0966,-9.418702833004388e-31
0.09670000000000001,-9.074431399138814e-31
0.09680000000000001,-8.742748602867772e-31
0.0969,-8.423193940178493e-31
0.097,-8.115323759966693e-31
0.0971,-7.818710646996886e-31
0.09720000000000001,-7.532942827463834e-31
0.09730000000000001,-7.2576235963296395e-31
0.0974,-6.992370765636303e-31
0.0975,-6.736816133026511e-31
0.0976,-6.490604969731174e-31
0.09770000000000001,-6.253395527310912e-31
0.0978,-6.0248585624635435e-31
0.0979,-5.804676879236353e-31
0.098,-5.5925448880047665e-31
0.0981,-5.388168180603438e-31
0.09820000000000001,-5.191263121017319e-31
0.0983,-5.001556451063314e-31
0.0984,-4.818784910512635e-31
0.0985,-4.642694871125164e-31
0.09860000000000001,-4.47304198408555e-31
0.09870000000000001,-4.3095908403506665e-31
0.0988,-4.152114643435041e-31
0.0989,-4.000394894178295e-31
0.099,-3.854221087056206e-31
0.09910000000000001,-3.7133904176119845e-31
0.09920000000000001,-3.5777075006007044e-31
0.0993,-3.446984098453987e-31
0.0994,-3.3210388596874e-31
0.0995,-3.199697066885936e-31
0.09960000000000001,-3.0827903939169266e-31
0.09970000000000001,-2.970156672032074e-31
0.0998,-2.8616396645335193e-31
0.0999,-2.757088849689461e-31
0.1,-2.6563592115981327e-31
0.10010000000000001,-2.559311038707931e-31
0.10020000000000001,-2.465809729714193e-31
0.1003,-2.375725606561737e-31
0.1004,-2.2889337342933786e-31
0.1005,-2.2053137474934213e-31
0.10060000000000001,-2.124749683084637e-31
0.10070000000000001,-2.0471298192461377e-31
0.1008,-1.9723465202277224e-31
0.1009,-1.9002960868450683e-31
0.101,-1.8308786124474497e-31
0.10110000000000001,-1.7639978441577755e-31
0.1012,-1.6995610491916217e-31
0.1013,-1.6374788860695415e-31
0.1014,-1.5776652805432451e-31
0.1015,-1.5200373060631808e-31
0.10160000000000001,-1.464515068621022e-31
0.1017,-1.4110215958071565e-31
0.1018,-1.3594827299284457e-31
0.1019,-1.3098270250380568e-31
0.10200000000000001,-1.2619856477336088e-31
0.10210000000000001,-1.2158922815861055e-31
0.1022,-1.1714830350663787e-31
0.1023,-1.1286963528412145e-31
0.1024,-1.08747293031565e-31
0.10250000000000001,-1.0477556313026812e-31
0.10260000000000001,-1.0094894087057554e-31
0.1027,-9.726212281039116e-32
0.1028,-9.370999941331687e-32
0.1029,-9.028764795618465e-32
0.10300000000000001,-8.699032569612147e-32
0.10310000000000001,-8.381346328763638e-32
0.1032,-8.07526584405939e-32
0.1033,-7.780366981023216e-32
0.1034,-7.496241111076032e-32
0.10350000000000001,-7.222494544431996e-32
0.10360000000000001,-6.95874798374539e-32
0.1037,-6.704635997746634e-32
0.1038,-6.45980651413717e-32
0.1039,-6.223920331037441e-32
0.10400000000000001,-5.996650646309354e-32
0.1041,-5.777682604098396e-32
0.1042,-5.566712857965869e-32
0.1043,-5.363449150003469e-32
0.1044,-5.167609905345666e-32
0.10450000000000001,-4.978923841515722e-32
0.1046,-4.797129592063235e-32
0.1047,-4.6219753439695485e-32
0.1048,-4.453218488317579e-32
0.10490000000000001,-4.2906252837400816e-32
0.10500000000000001,-4.1339705321793614e-32
0.1051,-3.983037266507557e-32
0.1052,-3.8376164495730594e-32
0.1053,-3.6975066842560387e-32
0.10540000000000001,-3.56251393412878e-32
0.10550000000000001,-3.43245125433408e-32
0.1056,-3.3071385323067835e-32
0.1057,-3.1864022379789905e-32
0.1058,-3.07007518312148e-32
0.10590000000000001,-2.9579962894873375e-32
0.10600000000000001,-2.850010365435352e-32
0.1061,-2.745967890723345e-32
0.1062,-2.645724809172165e-32
0.1063,-2.5491423289126115e-32
0.10640000000000001,-2.456086729937536e-32
0.10650000000000001,-2.3664291786922155e-32
0.1066,-2.2800455494453027e-32
0.1067,-2.1968162521921378e-32
0.1068,-2.1166260668517616e-32
0.10690000000000001,-2.039363983527097e-32
0.10700000000000001,-1.964923048606676e-32
0.1071,-1.8932002164939805e-32
0.1072,-1.8240962067587957e-32
0.1073,-1.757515366512018e-32
0.10740000000000001,-1.6933655378129693e-32
0.1075,-1.631557929924953e-32
0.1076,-1.572006996241919e-32
0.1077,-1.5146303157151899e-32
0.1078,-1.4593484786157785e-32
0.10790000000000001,-1.4060849764735044e-32
0.108,-1.3547660960404425e-32
0.1081,-1.3053208171310935e-32
0.1082,-1.257680714197972e-32
0.10830000000000001,-1.2117798615054682e-32
0.10840000000000001,-1.1675547417707651e-32
0.1085,-1.1249441581448521e-32
0.1086,-1.0838891494113926e-32
0.1087,-1.0443329082859388e-32
0.10880000000000001,-1.0062207027019463e-32
0.10890000000000001,-9.694997999744652e-33
0.109,-9.341193937361311e-33
0.1091,-9.000305335442313e-33
0.1092,-8.671860570610247e-33
0.10930000000000001,-8.355405247133133e-33
0.10940000000000001,-8.050501567404733e-33
0.1095,-7.756727725437787e-33
0.1096,-7.473677322526385e-33
0.1097,-7.200958804269438e-33
0.10980000000000001,-6.93819491817129e-33
0.10990000000000001,-6.68502219106951e-33
0.11,-6.441090425662968e-33
0.1101,-6.206062215443083e-33
0.1102,-5.979612477354537e-33
0.11030000000000001,-5.761428001537692e-33
0.11040000000000001,-5.551207017527457e-33
0.1105,-5.348658776307735e-33
0.1106,-5.1535031476410893e-33
0.1107,-4.9654702321153366e-33
0.11080000000000001,-4.784299987369174e-33
0.1109,-4.6097418679778584e-33
0.111,-4.4415544785002664e-33
0.1111,-4.279505239205556e-33
0.11120000000000001,-4.123370064016282e-33
0.11130000000000001,-3.97293305022078e-33
0.1114,-3.827986179525419e-33
0.1115,-3.688329030031001e-33
0.1116,-3.553768498735342e-33
0.11170000000000001,-3.424118534175745e-33
0.11180000000000001,-3.299199878841982e-33
0.1119,-3.17883982100161e-33
0.112,-3.0628719555942822e-33
0.1121,-2.9511359538630705e-33
0.11220000000000001,-2.8434773414037182e-33
0.11230000000000001,-2.739747284323767e-33
0.1124,-2.639802383215551e-33
0.1125,-2.5435044746570797e-33
0.1126,-2.4507204399659e-33
0.11270000000000001,-2.3613220209405288e-33
0.11280000000000001,-2.2751856423343982e-33
0.1129,-2.192192240816078e-33
0.113,-2.112227100178451e-33
0.1131,-2.0351796925690844e-33
0.11320000000000001,-1.9609435255209167e-33
0.11330000000000001,-1.889415994572003e-33
0.1134,-1.820498241269486e-33
0.1135,-1.7540950163614075e-33
0.1136,-1.690114547986515e-33
0.11370000000000001,-1.6284684146795725e-33
0.11380000000000001,-1.569071423015971e-33
0.1139,-1.5118414897264133e-33
0.114,-1.4566995281178942e-33
0.11410000000000001,-1.4035693386441245e-33
0.11420000000000001,-1.3523775034732103e-33
0.1143,-1.303053284906944e-33
0.1144,-1.2555285275107271e-33
0.1145,-1.2097375638186537e-33
0.11460000000000001,-1.1656171234829562e-33
0.11470000000000001,-1.1231062457421429e-33
0.1148,-1.0821461950864496e-33
0.1149,-1.0426803800037287e-33
0.115,-1.0046542746933536e-33
0.11510000000000001,-9.680153436395697e-34
0.11520000000000001,-9.327129689398976e-34
0.1153,-8.98698380287813e-34
0.1154,-8.659245875128587e-34
0.1155,-8.343463155846392e-34
0.11560000000000001,-8.039199419907504e-34
0.11570000000000001,-7.746034364018091e-34
0.1158,-7.463563025401784e-34
0.1159,-7.19139522171668e-34
0.116,-6.929155011429014e-34
0.11610000000000001,-6.676480173893378e-34
0.11620000000000001,-6.433021708421979e-34
0.1163,-6.198443351647305e-34
0.1164,-5.972421112511258e-34
0.1165,-5.754642824236005e-34
0.11660000000000001,-5.544807712656463e-34
0.11670000000000001,-5.342625980316827e-34
0.1168,-5.147818405754762e-34
0.1169,-4.96011595741916e-34
0.117,-4.779259421686326e-34
0.11710000000000001,-4.604999044459992e-34
0.11720000000000001,-4.437094185858395e-34
0.1173,-4.275312987511261e-34
0.1174,-4.119432052004886e-34
0.11750000000000001,-3.969236134033053e-34
0.11760000000000001,-3.8245178428245892e-34
0.1177,-3.6850773554371455e-34
0.1178,-3.5507221405190017e-34
0.1179,-3.421266692157852e-34
0.11800000000000001,-3.2965322734468175e-34
0.11810000000000001,-3.176346669413919e-34
0.1182,-3.0605439489721336e-34
0.1183,-2.9489642355612037e-34
0.1184,-2.841453486163371e-34
0.11850000000000001,-2.7378632783874244e-34
0.11860000000000001,-2.6380506053261023e-34
0.1187,-2.541877677903319e-34
0.1188,-2.449211734437411e-34
0.1189,-2.3599248571569387e-34
0.11900000000000001,-2.273893795415244e-34
0.11910000000000001,-2.190999795358833e-34
0.1192,-2.1111284358143595e-34
0.1193,-2.0341694701665085e-34
0.1194,-1.9600166740087338e-34
0.11950000000000001,-1.8885676983552458e-34
0.11960000000000001,-1.819723928211874e-34
0.1197,-1.7533903463095626e-34
0.1198,-1.6894754018123736e-34
0.1199,-1.6278908838181008e-34
0.12000000000000001,-1.568551799476657e-34
0.12010000000000001,-1.5113762565574047e-34
0.1202,-1.45628535030324e-34
0.1203,-1.4032030544146878e-34
0.12040000000000001,-1.3520561160133596e-34
0.12050000000000001,-1.3027739544392952e-34
0.1206,-1.2552885637424113e-34
0.1207,-1.2095344187330176e-34
0.1208,-1.1654483844615575e-34
0.12090000000000001,-1.1229696290022267e-34
0.12100000000000001,-1.0820395394200236e-34
0.1211,-1.0426016408048984e-34
0.1212,-1.0046015182609265e-34
0.1213,-9.679867417429164e-35
0.12140000000000001,-9.32706793636103e-35
0.12150000000000001,-8.987129989791344e-35
0.1216,-8.659584582335835e-35
0.1217,-8.343979825072007e-35
0.1218,-8.039880311412139e-35
0.12190000000000001,-7.746866515754475e-35
0.12200000000000001,-7.464534214080064e-35
0.1221,-7.1924939256956e-35
0.1222,-6.930370375348299e-35
0.1223,-6.677801974971646e-35
0.12240000000000001,-6.434440324342672e-35
0.12250000000000001,-6.199949729962547e-35
0.1226,-5.974006741494328e-35
0.1227,-5.75629970511674e-35
0.1228,-5.546528333177263e-35
0.12290000000000001,-5.344403289548895e-35
0.12300000000000001,-5.149645790117856e-35
0.1231,-4.961987217849294e-35
0.1232,-4.781168751899687e-35
0.1233,-4.606941010262544e-35
0.12340000000000001,-4.439063705453926e-35
0.12350000000000001,-4.277305312761236e-35
0.1236,-4.121442750597603e-35
0.1237,-3.971261072518842e-35
0.12380000000000001,-3.8265531704787826e-35
0.12390000000000001,-3.687119488911196e-35
0.124,-3.552767749244594e-35
0.1241,-3.423312684467892e-35
0.1242,-3.2985757833813825e-35
0.12430000000000001,-3.178385044178197e-35
0.12440000000000001,-3.062574737016919e-35
0.1245,-2.9509851752562877e-35
0.1246,-2.8434624950365317e-35
0.1247,-2.7398584429023153e-35
0.12480000000000001,-2.64003017117399e-35
0.12490000000000001,-2.5438400407844135e-35
0.125,-2.4511554313086643e-35
0.12510000000000002,-2.3618485579244808e-35
0.1252,-2.2757962950503427e-35
0.1253,-2.1928800064173571e-35
0.1254,-2.1129853813404792e-35
0.1255,-2.0360022769626916e-35
0.12560000000000002,-1.9618245662539436e-35
0.1257,-1.89034999155554e-35
0.1258,-1.8214800234665945e-35
0.1259,-1.7551197248786966e-35
0.126,-1.691177619970196e-35
0.12610000000000002,-1.6295655679793297e-35
0.1262,-1.570198641582029e-35
0.1263,-1.5129950097060483e-35
0.1264,-1.4578758246197734e-35
0.1265,-1.404765113139784e-35
0.12660000000000002,-1.3535896718065638e-35
0.1267,-1.3042789658840025e-35
0.1268,-1.2567650320427974e-35
0.1269,-1.210982384593612e-35
0.127,-1.1668679251403724e-35
0.12710000000000002,-1.1243608555287845e-35
0.1272,-1.0834025939702408e-35
0.1273,-1.0439366942246775e-35
0.1274,-1.0059087677313905e-35
0.1275,-9.692664085798384e-36
0.12760000000000002,-9.339591212169434e-36
0.1277,-8.999382507911585e-36
0.1278,-8.671569160369262e-36
0.1279,-8.355699446069677e-36
0.128,-8.051338107631726e-36
0.12810000000000002,-7.758065753397363e-36
0.1282,-7.475478278960996e-36
0.1283,-7.203186309793917e-36
0.12840000000000001,-6.940814664196882e-36
0.1285,-6.688001835838324e-36
0.12860000000000002,-6.444399495163336e-36
0.1287,-6.209672008986236e-36
0.1288,-5.983495977601791e-36
0.12890000000000001,-5.765559788777843e-36
0.129,-5.55556318801216e-36
0.1291,-5.353216864460621e-36
0.1292,-5.158242051965499e-36
0.1293,-4.97037014463276e-36
0.12940000000000002,-4.7893423264271214e-36
0.1295,-4.614909214275195e-36
0.1296,-4.4468305141815374e-36
0.1297,-4.284874689885564e-36
0.1298,-4.128818643600107e-36
0.12990000000000002,-3.978447408391475e-36
0.13,-3.833553851776846e-36
0.1301,-3.6939383901290826e-36
0.1302,-3.559408713495324e-36
0.1303,-3.4297795204498e-36
0.13040000000000002,-3.304872262613606e-36
0.1305,-3.184514898490766e-36
0.1306,-3.068541656279048e-36
0.1307,-2.9567928053293336e-36
0.1308,-2.849114435937738e-36
0.13090000000000002,-2.745358247166383e-36
0.131,-2.6453813424005665e-36
0.1311,-2.5490460323594515e-36
0.1312,-2.4562196452892583e-36
0.1313,-2.3667743440764e-36
0.13140000000000002,-2.2805869500283645e-36
0.1315,-2.197538773079455e-36
0.1316,-2.1175154481866542e-36
0.1317,-2.040406777690167e-36
0.1318,-1.966106579421284e-36
0.13190000000000002,-1.894512540347238e-36
0.132,-1.8255260755522437e-36
0.1321,-1.759052192359095e-36
0.1322,-1.6949993594045424e-36
0.1323,-1.6332793804875666e-36
0.13240000000000002,-1.5738072730164007e-36
0.1325,-1.5165011508869136e-36
0.1326,-1.4612821116304243e-36
0.1327,-1.4080741276755004e-36
0.1328,-1.356803941573759e-36
0.13290000000000002,-1.3074009650448343e-36
0.133,-1.2597971817016608e-36
0.1331,-1.2139270533215186e-36
0.1332,-1.1697274295338119e-36
0.1333,-1.1271374607999057e-36
0.13340000000000002,-1.0860985145648596e-36
0.1335,-1.0465540944657838e-36
0.1336,-1.0084497624848092e-36
0.1337,-9.717330639399005e-37
0.1338,-9.363534552096444e-37
0.13390000000000002,-9.02262234092436e-37
0.134,-8.694124727041411e-37
0.1341,-8.377589528214864e-37
0.1342,-8.072581035821492e-37
0.1343,-7.778679414556416e-37
0.13440000000000002,-7.495480124020318e-37
0.1345,-7.222593361389683e-37
0.1346,-6.959643524399469e-37
0.13470000000000001,-6.706268693899047e-37
0.1348,-6.462120135267337e-37
0.13490000000000002,-6.2268618179991375e-37
0.135,-6.00016995280144e-37
0.1351,-5.781732545559732e-37
0.13520000000000001,-5.571248967561127e-37
0.1353,-5.3684295413803176e-37
0.13540000000000002,-5.172995141857649e-37
0.1355,-4.984676811619908e-37
0.1356,-4.803215390612591e-37
0.13570000000000002,-4.628361159133585e-37
0.1358,-4.459873493876504e-37
0.1359,-4.297520536507745e-37
0.136,-4.14107887432265e-37
0.1361,-3.99033323253885e-37
0.13620000000000002,-3.845076177802982e-37
0.1363,-3.7051078325025836e-37
0.1364,-3.570235599488488e-37
0.1365,-3.4402738968288262e-37
0.1366,-3.3150439022290603e-37
0.13670000000000002,-3.1943733067649783e-37
0.1368,-3.0780960775902137e-37
0.1369,-2.9660522292902857e-37
0.137,-2.858087603568641e-37
0.1371,-2.7540536569607423e-37
0.13720000000000002,-2.653807256283435e-37
0.1373,-2.5572104815381603e-37
0.1374,-2.4641304359956506e-37
0.1375,-2.374439063201123e-37
0.1376,-2.2880129706471782e-37
0.13770000000000002,-2.2047332598715005e-37
0.1378,-2.1244853627455233e-37
0.1379,-2.0471588837279487e-37
0.138,-1.9726474478660524e-37
0.1381,-1.900848554335439e-37
0.13820000000000002,-1.8316634353156733e-37
0.1383,-1.7649969200084018e-37
0.1384,-1.700757303609551e-37
0.1385,-1.6388562210557071e-37
0.1386,-1.5792085253704552e-37
0.13870000000000002,-1.5217321704429471e-37
0.1388,-1.466348098077467e-37
0.1389,-1.412980129157962e-37
0.139,-1.3615548587780056e-37
0.1391,-1.3120015551913647e-37
0.13920000000000002,-1.26425206244401e-37
0.1393,-1.2182407065535924e-37
0.1394,-1.173904205106841e-37
0.1395,-1.1311815801505646e-37
0.1396,-1.090014074256148e-37
0.13970000000000002,-1.050345069641782e-37
0.1398,-1.0121200102413244e-37
0.1399,-9.752863266120205e-38
0.14,-9.397933635779611e-38
0.1401,-9.055923105094508e-38
0.14020000000000002,-8.726361341422e-38
0.1403,-8.408795138439495e-38
0.1404,-8.102787792391631e-38
0.1405,-7.807918501059988e-38
0.1406,-7.52378178462775e-38
0.14070000000000002,-7.249986927639941e-38
0.1408,-6.986157441292805e-38
0.1409,-6.731930545309671e-38
0.14100000000000001,-6.48695666869101e-38
0.1411,-6.250898968650581e-38
0.14120000000000002,-6.023432867074203e-38
0.1413,-5.804245603864921e-38
0.1414,-5.593035806556168e-38
0.14150000000000001,-5.38951307560347e-38
0.1416,-5.193397584781255e-38
0.14170000000000002,-5.004419696135031e-38
0.1418,-4.822319588959287e-38
0.1419,-4.6468469022890665e-38
0.14200000000000002,-4.477760390413628e-38
0.1421,-4.3148275909378386e-38
0.1422,-4.157824504933308e-38
0.1423,-4.0065352887398154e-38
0.1424,-3.8607519569921507e-38
0.14250000000000002,-3.720274096463161e-38
0.1426,-3.5849085903296723e-38
0.1427,-3.4544693524807694e-38
0.1428,-3.32877707150314e-38
0.1429,-3.207658963991033e-38
0.14300000000000002,-3.0909485368404137e-38
0.1431,-2.9784853582010244e-38
0.1432,-2.8701148367700685e-38
0.1433,-2.7656880091242795e-38
0.1434,-2.665061334797324e-38
0.14350000000000002,-2.5680964988200667e-38
0.1436,-2.474660221452752e-38
0.1437,-2.384624074845807e-38
0.1438,-2.2978643063782242e-38
0.1439,-2.2142616684293909e-38
0.14400000000000002,-2.133701254350229e-38
0.1441,-2.0560723404081285e-38
0.1442,-1.9812682334876171e-38
0.1443,-1.9091861243374374e-38
0.1444,-1.8397269461620307e-38
0.14450000000000002,-1.772795238362371e-38
0.1446,-1.7082990152391212e-38
0.1447,-1.6461496394768933e-38
0.1448,-1.5862617002357966e-38
0.1449,-1.528552895682335e-38
0.14500000000000002,-1.472943919797845e-38
0.1451,-1.4193583533089704e-38
0.1452,-1.3677225585896451e-38
0.1453,-1.317965578390357e-38
0.1454,-1.2700190382549743e-38
0.14550000000000002,-1.2238170524909083e-38
0.1456,-1.1792961335633458e-38
0.1457,-1.136395104788601e-38
0.1458,-1.0950550162066e-38
0.1459,-1.0552190635167816e-38
0.14600000000000002,-1.0168325099654646e-38
0.1461,-9.798426110777582e-39
0.1462,-9.441985421298877e-39
0.1463,-9.09851328262472e-39
0.1464,-8.76753777138456e-39
0.14650000000000002,-8.448604140529619e-39
0.1466,-8.14127419405934e-39
0.1467,-7.84512568451305e-39
0.1468,-7.559751732400226e-39
0.1469,-7.284760266768502e-39
0.14700000000000002,-7.019773486140188e-39
0.1471,-6.764427339076333e-39
0.1472,-6.518371023652199e-39
0.14730000000000001,-6.281266505156663e-39
0.1474,-6.052788051351445e-39
0.14750000000000002,-5.832621784649982e-39
0.1476,-5.6204652506018626e-39
0.1477,-5.416027002085999e-39
0.14780000000000001,-5.219026198643678e-39
0.1479,-5.0291922203980355e-39
0.14800000000000002,-4.8462642960293436e-39
0.1481,-4.669991144294932e-39
0.1482,-4.500130628599506e-39
0.14830000000000002,-4.3364494241413536e-39
0.1484,-4.1787226971766316e-39
0.14850000000000002,-4.026733795959523e-39
0.1486,-3.880273952934397e-39
0.1487,-3.739141997769127e-39
0.14880000000000002,-3.603144080835629e-39
0.1489,-3.472093406756884e-39
0.149,-3.345809977653615e-39
0.1491,-3.2241203457382004e-39
0.1492,-3.106857374914806e-39
0.14930000000000002,-2.993860011057932e-39
0.1494,-2.8849730606538173e-39
0.1495,-2.7800469774995755e-39
0.1496,-2.6789376571672093e-39
0.1497,-2.5815062389496086e-39
0.14980000000000002,-2.4876189150157742e-39
0.1499,-2.397146746513687e-39
0.15,-2.3099654863665682e-39
0.1501,-2.2259554085201703e-39
0.1502,-2.1450011434053227e-39
0.15030000000000002,-2.066991519389686e-39
0.1504,-1.991819410000932e-39
0.1505,-1.9193815867107952e-39
0.1506,-1.8495785770778263e-39
0.1507,-1.7823145280538283e-39
0.15080000000000002,-1.7174970742655567e-39
0.1509,-1.6550372110911094e-39
0.151,-1.5948491723559645e-39
0.1511,-1.5368503124808265e-39
0.1512,-1.480960992919087e-39
0.15130000000000002,-1.4271044727275542e-39
0.1514,-1.3752068031204892e-39
0.1515,-1.3251967258611871e-39
0.1516,-1.2770055753521805e-39
0.1517,-1.2305671842888871e-39
0.15180000000000002,-1.1858177927471248e-39
0.1519,-1.1426959605796357e-39
0.152,-1.1011424830009164e-39
0.1521,-1.0611003092444529e-39
0.1522,-1.0225144641806002e-39
0.15230000000000002,-9.85331972786936e-40
0.1524,-9.495017873678311e-40
0.1525,-9.149747174226237e-40
0.1526,-8.81703362066327e-40
0.1527,-8.496420449098354e-40
0.15280000000000002,-8.187467513100419e-40
0.1529,-7.889750679037644e-40
0.153,-7.602861243421278e-40
0.1531,-7.326405371455473e-40
0.1532,-7.060003556019388e-40
0.15330000000000002,-6.803290096338238e-40
0.1534,-6.555912595627562e-40
0.1535,-6.3175314770186786e-40
0.15360000000000001,-6.087819517100841e-40
0.1537,-5.866461396439333e-40
0.15380000000000002,-5.6531532664493774e-40
0.1539,-5.447602332033804e-40
0.154,-5.249526449407673e-40
0.15410000000000001,-5.05865373855905e-40
0.1542,-4.874722209812484e-40
0.15430000000000002,-4.697479403981612e-40
0.1544,-4.526682045617162e-40
0.1545,-4.362095708872714e-40
0.15460000000000002,-4.203494495529636e-40
0.1547,-4.05066072473879e-40
0.15480000000000002,-3.903384634051623e-40
0.1549,-3.761464091330988e-40
0.155,-3.6247043171446702e-40
0.15510000000000002,-3.49291761726082e-40
0.1552,-3.365923124877382e-40
0.1553,-3.2435465522308905e-40
0.1554,-3.1256199512440995e-40
0.1555,-3.0119814828827545e-40
0.15560000000000002,-2.9024751949046963e-40
0.1557,-2.7969508076962904e-40
0.1558,-2.695263507901243e-40
0.1559,-2.5972737495586012e-40
0.156,-2.50284706247688e-40
0.15610000000000002,-2.4118538675799985e-40
0.1562,-2.324169298972723e-40
0.1563,-2.239673032479759e-40
0.1564,-2.158249120423768e-40
0.1565,-2.079785832414941e-40
0.15660000000000002,-2.0041755019332413e-40
0.1567,-1.931314378492887e-40
0.1568,-1.861102485185515e-40
0.1569,-1.7934434814065459e-40
0.157,-1.7282445305762212e-40
0.15710000000000002,-1.6654161726731304e-40
0.1572,-1.6048722014056463e-40
0.1573,-1.5465295458520332e-40
0.1574,-1.4903081564069264e-40
0.1575,-1.4361308948773822e-40
0.15760000000000002,-1.3839234285773076e-40
0.1577,-1.3336141282752746e-40
0.1578,-1.2851339698547713e-40
0.1579,-1.2384164395525563e-40
0.158,-1.1933974426444062e-40
0.15810000000000002,-1.1500152154529429e-40
0.1582,-1.1082102405568175e-40
0.1583,-1.067925165084513e-40
0.1584,-1.029104721980694e-40
0.1585,-9.91695654136978e-41
0.15860000000000002,-9.556466412826644e-41
0.1587,-9.20908229535308e-41
0.1588,-8.874327635140868e-41
0.1589,-8.55174320922905e-41
0.159,-8.240886495132888e-41
0.15910000000000002,-7.94133106340435e-41
0.1592,-7.652665992291277e-41
0.1593,-7.374495303689101e-41
0.15940000000000001,-7.106437419612677e-41
0.1595,-6.848124638439864e-41
0.15960000000000002,-6.59920263020793e-41
0.1597,-6.359329950270367e-41
0.1598,-6.128177570644828e-41
0.15990000000000001,-5.905428428409384e-41
0.16,-5.690776990527252e-41
0.16010000000000002,-5.483928834500212e-41
0.1602,-5.284600244277883e-41
0.1603,-5.092517820864948e-41
0.16040000000000001,-4.907418107093475e-41
0.1605,-4.729047226044272e-41
0.16060000000000002,-4.5571605326204117e-41
0.1607,-4.391522277795353e-41
0.1608,-4.231905285073311e-41
0.16090000000000002,-4.078090638718898e-41
0.161,-3.929867383326881e-41
0.16110000000000002,-3.7870322343197077e-41
0.1612,-3.6493892989757703e-41
0.1613,-3.5167498076044857e-41
0.16140000000000002,-3.388931854499727e-41
0.1615,-3.265760148315659e-41
0.16160000000000002,-3.147065771521769e-41
0.1617,-3.032685948607809e-41
0.1618,-2.9224638227191217e-41
0.16190000000000002,-2.8162482404166e-41
0.162,-2.7138935442653726e-41
0.1621,-2.615259372967251e-41
0.1622,-2.520210468762773e-41
0.1623,-2.4286164918385987e-41
0.16240000000000002,-2.3403518414844945e-41
0.1625,-2.2552954837557418e-41
0.1626,-2.1733307854030491e-41
0.1627,-2.0943453538428064e-41
0.1628,-2.018230882947643e-41
0.16290000000000002,-1.9448830044454578e-41
0.163,-1.874201144723283e-41
0.1631,-1.8060883868388608e-41
0.1632,-1.7404513375510641e-41
0.1633,-1.677199999186168e-41
0.16340000000000002,-1.6162476461641735e-41
0.1635,-1.5575107060158828e-41
0.1636,-1.5009086447270357e-41
0.1637,-1.4463638562524095e-41
0.1638,-1.3938015560480915e-41
0.16390000000000002,-1.3431496784756033e-41
0.164,-1.294338777937459e-41
0.1641,-1.2473019336079207e-41
0.1642,-1.2019746576285864e-41
0.1643,-1.158294806642618e-41
0.16440000000000002,-1.1162024965461028e-41
0.1645,-1.0756400203397469e-41
0.1646,-1.0365517689678878e-41
0.1647,-9.988841550363391e-42
0.1648,-9.625855393043721e-42
0.16490000000000002,-9.276061598497342e-42
0.165,-8.938980638097557e-42
0.1651,-8.614150416046048e-42
0.1652,-8.301125635525911e-42
0.1653,-7.999477187904423e-42
0.16540000000000002,-7.708791564146397e-42
0.1655,-7.428670287632899e-42
0.1656,-7.158729367602857e-42
0.16570000000000001,-6.898598772471668e-42
0.1658,-6.647921922301073e-42
0.16590000000000002,-6.406355199724464e-42
0.166,-6.173567478657307e-42
0.1661,-5.949239670144471e-42
0.16620000000000001,-5.733064284722165e-42
0.1663,-5.524745010693991e-42
0.16640000000000002,-5.3239963077411325e-42
0.1665,-5.130543015310647e-42
0.1666,-4.944119975242945e-42
0.16670000000000001,-4.7644716681216655e-42
0.1668,-4.591351862846454e-42
0.16690000000000002,-4.4245232789474663e-42
0.167,-4.263757261179091e-42
0.1671,-4.1088334659451527e-42
0.16720000000000002,-3.9595395591265704e-42
0.1673,-3.81567092489592e-42
0.16740000000000002,-3.677030385119462e-42
0.1675,-3.543427928962205e-42
0.1676,-3.414680452324121e-42
0.16770000000000002,-3.2906115067505574e-42
0.1678,-3.171051057472541e-42
0.16790000000000002,-3.0558352502437584e-42
0.168,-2.9448061866561e-42
0.1681,-2.8378117076237884e-42
0.16820000000000002,-2.734705184740136e-42
0.1683,-2.6353453192202217e-42
0.16840000000000002,-2.5395959481535156e-42
0.1685,-2.447325857801092e-42
0.1686,-2.3584086036806177e-42
0.16870000000000002,-2.272722337193e-42
0.1688,-2.1901496385522975e-42
0.1689,-2.1105773557897784e-42
0.169,-2.0338964496114803e-42
0.1691,-1.9600018438962594e-42
0.16920000000000002,-1.8887922816290987e-42
0.1693,-1.8201701860724176e-42
0.1694,-1.7540415269843967e-42
0.1695,-1.69031569170137e-42
0.1696,-1.6289053609069887e-42
0.16970000000000002,-1.569726388917835e-42
0.1698,-1.512697688321484e-42
0.1699,-1.4577411188084196e-42
0.17,-1.4047813800455342e-42
0.1701,-1.353745908444359e-42
0.17020000000000002,-1.304564777681907e-42
0.1703,-1.2571706028384296e-42
0.1704,-1.2114984480198768e-42
0.1705,-1.1674857373388161e-42
0.1706,-1.125072169131527e-42
0.17070000000000002,-1.0841996332935435e-42
0.1708,-1.0448121316204703e-42
0.1709,-1.0068557010445142e-42
0.171,-9.702783396617669e-43
0.1711,-9.350299354485254e-43
0.17120000000000002,-9.010621975689457e-43
0.1713,-8.683285901799243e-43
0.1714,-8.367842686422301e-43
0.1715,-8.063860180505631e-43
0.1716,-7.770921939981652e-43
0.17170000000000002,-7.488626654946494e-43
0.1718,-7.216587599590295e-43
0.1719,-6.954432102121039e-43
0.17200000000000001,-6.701801033959189e-43
0.1721,-6.458348317499691e-43
0.17220000000000002,-6.223740451767031e-43
0.1723,-5.997656055313674e-43
0.1724,-5.77978542573363e-43
0.17250000000000001,-5.569830115188034e-43
0.1726,-5.3675025213607726e-43
0.17270000000000002,-5.172525493281924e-43
0.1728,-4.984631951480193e-43
0.1729,-4.803564521941924e-43
0.17300000000000001,-4.629075183375802e-43
0.1731,-4.460924927299144e-43
0.17320000000000002,-4.298883430479112e-43
0.1733,-4.142728739281237e-43
0.1734,-3.992246965490125e-43
0.17350000000000002,-3.847231993187605e-43
0.1736,-3.7074851962848e-43
0.17370000000000002,-3.5728151663211838e-43
0.1738,-3.4430374501578938e-43
0.1739,-3.31797429720484e-43
0.17400000000000002,-3.1974544158355545e-43
0.1741,-3.0813127386559823e-43
0.17420000000000002,-2.9693901963042433e-43
0.1743,-2.861533499472909e-43
0.1744,-2.757594928853355e-43
0.17450000000000002,-2.6574321327151016e-43
0.1746,-2.560907931842508e-43
0.17470000000000002,-2.4678901315609328e-43
0.1748,-2.3782513405951562e-43
0.1749,-2.2918687965112734e-43
0.17500000000000002,-2.2086241975033164e-43
0.1751,-2.128403540293302e-43
0.1752,-2.051096963922854e-43
0.1753,-1.976598599222301e-43
0.1754,-1.90480642375076e-43
0.17550000000000002,-1.8356221220081915e-43
0.1756,-1.7689509507280755e-43
0.1757,-1.704701609065756e-43
0.1758,-1.6427861135048801e-43
0.1759,-1.5831196773099694e-43
0.17600000000000002,-1.5256205943601232e-43
0.1761,-1.4702101272048012e-43
0.1762,-1.4168123991876823e-43
0.1763,-1.3653542904913795e-43
0.1764,-1.315765337959956e-43
0.17650000000000002,-1.2679776385621622e-43
0.1766,-1.2219257563632137e-43
0.1767,-1.1775466328772428e-43
0.1768,-1.1347795006777354e-43
0.1769,-1.0935658001476798e-43
0.17700000000000002,-1.0538490992549126e-43
0.1771,-1.0155750162431742e-43
0.1772,-9.786911451325191e-44
0.1773,-9.431469839271218e-44
0.1774,-9.088938654322154e-44
0.17750000000000002,-8.758848905849769e-44
0.1776,-8.440748642084689e-44
0.1777,-8.134202330999982e-44
0.1778,-7.838790263695948e-44
0.1779,-7.554107979465182e-44
0.17800000000000002,-7.279765711750149e-44
0.1781,-7.015387854235056e-44
0.1782,-6.760612446339081e-44
0.17830000000000001,-6.515090677406927e-44
0.1784,-6.278486408916598e-44
0.17850000000000002,-6.050475714049127e-44
0.1786,-5.830746433990214e-44
0.1787,-5.618997750354706e-44
0.17880000000000001,-5.414939773149285e-44
0.1789,-5.218293143707062e-44
0.17900000000000002,-5.028788652050794e-44
0.1791,-4.846166868160998e-44
0.1792,-4.670177786641814e-44
0.17930000000000001,-4.500580484299865e-44
0.1794,-4.3371427901650644e-44
0.17950000000000002,-4.1796409675019277e-44
0.1796,-4.0278594073761776e-44
0.1797,-3.881590333355558e-44
0.17980000000000002,-3.740633516940833e-44
0.1799,-3.604796003337542e-44
0.18000000000000002,-3.4738918471913416e-44
0.1801,-3.347741857926477e-44
0.1802,-3.2261733543370595e-44
0.18030000000000002,-3.109019928095455e-44
0.1804,-2.996121215854128e-44
0.18050000000000002,-2.887322679627772e-44
0.1806,-2.7824753951555426e-44
0.1807,-2.681435847952945e-44
0.18080000000000002,-2.5840657367743306e-44
0.1809,-2.490231784216488e-44
0.18100000000000002,-2.399805554203661e-44
0.1811,-2.312663276104303e-44
0.1812,-2.2286856752381665e-44
0.18130000000000002,-2.1477578095420764e-44
0.1814,-2.069768912169935e-44
0.18150000000000002,-1.9946122398116432e-44
0.1816,-1.9221849265234042e-44
0.1817,-1.8523878428683962e-44
0.18180000000000002,-1.7851254601757258e-44
0.1819,-1.720305719730948e-44
0.182,-1.6578399067192908e-44
0.1821,-1.597642528748912e-44
0.1822,-1.5396311987878182e-44
0.18230000000000002,-1.4837265223534836e-44
0.1824,-1.4298519888016558e-44
0.1825,-1.3779338665643802e-44
0.1826,-1.3279011021945315e-44
0.1827,-1.279685223077998e-44
0.18280000000000002,-1.2332202436804703e-44
0.1829,-1.1884425752005695e-44
0.183,-1.1452909385050912e-44
0.1831,-1.1037062802276462e-44
0.1832,-1.0636316919153112e-44
0.18330000000000002,-1.0250123321127311e-44
0.1834,-9.877953512770542e-45
0.1835,-9.519298194205857e-45
0.1836,-9.173666563821763e-45
0.1837,-8.840585646319771e-45
0.18380000000000002,-8.519599645171495e-45
0.1839,-8.210269318603365e-45
0.184,-7.912171378248165e-45
0.1841,-7.624897909645528e-45
0.1842,-7.348055813794213e-45
0.18430000000000002,-7.08126626899165e-45
0.1844,-6.82416421222464e-45
0.1845,-6.576397839399809e-45
0.18460000000000001,-6.33762812373027e-45
0.1847,-6.107528351618377e-45
0.18480000000000002,-5.885783675398397e-45
0.1849,-5.672090682327492e-45
0.185,-5.4661569792336944e-45
0.18510000000000001,-5.267700792253372e-45
0.1852,-5.0764505811083484e-45
0.18530000000000002,-4.8921446673952895e-45
0.1854,-4.7145308763788384e-45
0.1855,-4.54336619179621e-45
0.18560000000000001,-4.378416423202573e-45
0.1857,-4.219455885399878e-45
0.18580000000000002,-4.066267089510872e-45
0.1859,-3.918640445275708e-45
0.186,-3.776373974162351e-45
0.18610000000000002,-3.639273032898479e-45
0.1862,-3.5071500470467903e-45
0.18630000000000002,-3.379824254257479e-45
0.1864,-3.2571214568479314e-45
0.1865,-3.1388737833694217e-45
0.18660000000000002,-3.024919458834952e-45
0.1867,-2.915102583293873e-45
0.18680000000000002,-2.8092729184492384e-45
0.1869,-2.707285682026447e-45
0.187,-2.6090013496110598e-45
0.18710000000000002,-2.5142854636848877e-45
0.1872,-2.4230084495986336e-45
0.18730000000000002,-2.3350454382289016e-45
0.1874,-2.250276095077134e-45
0.1875,-2.168584455576058e-45
0.18760000000000002,-2.0898587663786656e-45
0.1877,-2.0139913324117746e-45
0.18780000000000002,-1.940878369485072e-45
0.1879,-1.870419862254092e-45
0.188,-1.8025194273419228e-45
0.18810000000000002,-1.7370841814330958e-45
0.1882,-1.6740246141583103e-45
0.1883,-1.6132544655963228e-45
0.1884,-1.5546906082252607e-45
0.1885,-1.498252933161816e-45
0.18860000000000002,-1.4438642405319736e-45
0.1887,-1.391450133824187e-45
0.1888,-1.340938918079341e-45
0.1889,-1.2922615017789017e-45
0.189,-1.2453513022963834e-45
0.18910000000000002,-1.2001441547829128e-45
0.1892,-1.1565782243623054e-45
0.1893,-1.1145939215150013e-45
0.1894,-1.0741338205355461e-45
0.1895,-1.0351425809515419e-45
0.18960000000000002,-9.975668717966765e-46
0.1897,-9.613552986342797e-46
0.1898,-9.264583332312304e-46
0.1899,-8.92828245786084e-46
0.19,-8.604190396187671e-46
0.19010000000000002,-8.291863882321e-46
0.1902,-7.990875746593747e-46
0.1903,-7.700814330146455e-46
0.1904,-7.421282921658436e-46
0.1905,-7.151899214537063e-46
0.19060000000000002,-6.8922947838200445e-46
0.1907,-6.6421145820763404e-46
0.1908,-6.401016453614551e-46
0.19090000000000001,-6.1686706663347855e-46
0.191,-5.9447594605826244e-46
0.19110000000000002,-5.728976614387217e-46
0.1912,-5.521027024489327e-46
0.1913,-5.320626302584814e-46
0.19140000000000001,-5.127500386232262e-46
0.1915,-4.941385163890565e-46
0.19160000000000002,-4.76202611357403e-46
0.1917,-4.589177954631064e-46
0.1918,-4.422604312168008e-46
0.19190000000000002,-4.2620773936609685e-46
0.192,-4.107377677311181e-46
0.19210000000000002,-3.958293611718196e-46
0.1922,-3.814621326460199e-46
0.1923,-3.676164353184354e-46
0.19240000000000002,-3.542733356825944e-46
0.1925,-3.414145876588957e-46
0.19260000000000002,-3.2902260763322837e-46
0.1927,-3.170804504021454e-46
0.1928,-3.0557178599153887e-46
0.19290000000000002,-2.944808773171462e-46
0.193,-2.837925586563488e-46
0.19310000000000002,-2.734922149017145e-46
0.1932,-2.635657615679626e-46
0.1933,-2.5399962552494098e-46
0.19340000000000002,-2.4478072643028995e-46
0.1935,-2.358964588363583e-46
0.19360000000000002,-2.273346749468678e-46
0.1937,-2.1908366799976543e-46
0.1938,-2.1113215625348626e-46
0.19390000000000002,-2.0346926755474276e-46
0.194,-1.9608452446672383e-46
0.19410000000000002,-1.8896782993727786e-46
0.1942,-1.8210945348759646e-46
0.1943,-1.755000179023685e-46
0.19440000000000002,-1.6913048640329131e-46
0.1945,-1.629921502883182e-46
0.19460000000000002,-1.5707661701975436e-46
0.1947,-1.5137579874492295e-46
0.1948,-1.4588190123363552e-46
0.19490000000000002,-1.405874132173966e-46
0.195,-1.3548509611569812e-46
0.1951,-1.305679741353701e-46
0.1952,-1.2582932472945474e-46
0.1953,-1.2126266940251357e-46
0.19540000000000002,-1.1686176484980574e-46
0.1955,-1.1262059441822805e-46
0.1956,-1.0853335987729037e-46
0.1957,-1.045944734889174e-46
0.1958,-1.0079855036518339e-46
0.19590000000000002,-9.71404011035423e-47
0.196,-9.361502468948633e-47
0.1961,-9.021760165689738e-47
0.1962,-8.694348749674606e-47
0.1963,-8.378820630513251e-47
0.19640000000000002,-8.074744466194549e-47
0.1965,-7.781704573180327e-47
0.1966,-7.499300357917293e-47
0.1967,-7.227145768990409e-47
0.1968,-6.964868769169031e-47
0.19690000000000002,-6.71211082662137e-47
0.197,-6.468526424603035e-47
0.1971,-6.23378258894755e-47
0.19720000000000001,-6.007558432713517e-47
0.1973,-5.789544717364837e-47
0.19740000000000002,-5.579443429883234e-47
0.1975,-5.376967375235453e-47
0.1976,-5.1818397836366355e-47
0.19770000000000001,-4.993793932073856e-47
0.1978,-4.812572779570537e-47
0.19790000000000002,-4.637928615693512e-47
0.198,-4.469622721822564e-47
0.1981,-4.3074250447172786e-47
0.19820000000000002,-4.151113881936707e-47
0.1983,-4.0004755786798205e-47
0.19840000000000002,-3.8553042356327263e-47
0.1985,-3.7154014274234644e-47
0.1986,-3.5805759312982107e-47
0.19870000000000002,-3.450643465648255e-47
0.1988,-3.3254264380305826e-47
0.19890000000000002,-3.204753702336072e-47
0.199,-3.0884603247746503e-47
0.1991,-2.9763873583560406e-47
0.19920000000000002,-2.8683816255581577e-47
0.1993,-2.76429550888624e-47
0.19940000000000002,-2.66398674903513e-47
0.1995,-2.5673182503801503e-47
0.1996,-2.474157893528677e-47
0.19970000000000002,-2.38437835467777e-47
0.1998,-2.297856931529729e-47
0.19990000000000002,-2.2144753755275987e-47
0.2,-2.1341197301814373e-47
