0.000630916,0.000459161
-0.00165047,-3.45826e-05
0.000494254,0.000653686
-2.94773e-05,-0.000279843
-0.000501949,0.000425216
8.56026e-05,0.000587218
-0.000309299,-0.000275998
-0.000445702,-0.000128886
-0.000412532,-0.000159487
-0.00010671,4.9226e-05
-0.0002953,-0.00056567
0.000595153,-0.000104798
0.000162153,-0.000261513
0.000286039,-0.000472737
0.000509891,0.000123132
-0.000483559,0.00055166
0.000512951,0.000473382
-0.000590614,0.000414685
-0.000432153,1.51928e-05
1.56594e-05,-0.000383592
-0.000304385,-0.000455882
-0.000412558,0.000225947
-0.000293959,0.000125753
8.95981e-06,0.000568675
-0.000386997,-8.74477e-05
0.000169006,-8.55873e-05
-0.000581307,-0.000264328
-0.000312315,0.000298275
-0.000551346,0.000418774
-0.000472438,-0.000291152
-0.000332223,-6.2161e-05
-0.000116385,0.000237496
0.000485329,3.31182e-05
0.000534671,-0.000214817
3.47114e-05,0.000231841
0.000475955,4.92383e-05
-0.000175323,-0.000231245
0.0336894,-0.0105378
0.000406599,0.000596773
0.000359472,0.00035318
0.000535072,0.00046651
-0.00044924,-0.000435649
0.000393881,0.000281192
0.000431602,-0.000344665
-0.000299914,0.000336239
0.000447919,3.35796e-05
0.000159222,0.000118264
-0.000453846,0.000249672
-8.22067e-05,0.000214672
-0.000361125,0.000315789
-0.000120482,-2.01931e-05
0.000551668,-0.000594483
-0.000590108,-0.000169839
0.000254158,-0.00055889
0.000100893,-0.000170902
0.000141717,-0.000272113
0.000300357,0.000238181
-0.00027964,0.000449819
0.000233465,-0.000271187
0.00028585,-0.000159871
0.000193162,-0.000301293
-0.000560766,0.000247092
-0.000279349,-0.000505751
-0.000569159,-0.00029144
0.000159791,-5.01014e-05
-9.12693e-05,0.000201007
-0.000185347,6.43253e-05
-0.000347965,1.55124e-05
-0.000420374,-0.000284944
-0.000312151,0.00040539
0.000218037,-8.46205e-05
-0.000109207,0.000346694
-5.09754e-05,0.000474502
-0.000119096,0.00023377
0.000114151,0.000589073
-0.000215418,-0.000677624
0.000405886,-0.000347345
-0.000459136,0.000111914
0.000151794,0.000104594
-1.26887e-05,0.000330694
-0.000415294,0.000494717
0.00122425,0.000225708
-6.88164e-05,0.000303371
0.000422344,0.000281893
-0.000464358,-0.00030908
0.000593536,-0.000212972
-0.000240367,8.54714e-06
-9.13465e-05,-0.000518878
-0.000594589,-8.41524e-05
-0.000603197,0.000279365
-0.000394664,0.000167327
0.00019983,-0.000108939
-0.000282987,7.1312e-05
0.000173038,0.000358969
0.00015549,-0.000272957
0.000533584,-9.6491e-05
0.000776576,-0.000612514
0.000231198,-1.24263e-05
-0.000256301,2.61587e-05
-0.000238579,0.000125516
0.000145137,-0.000598981
0.000268632,0.000581738
-2.99172e-05,-5.39838e-05
-0.00046886,0.00014327
0.00028293,-0.000236337
-0.000166799,6.98967e-05
0.000110613,-0.000161022
0.00012308,-0.000298444
-0.000493154,-0.000164574
-0.000474923,0.000569234
-0.000581097,0.000375246
4.56233e-05,-2.2401e-05
0.000317151,-0.000512302
-0.000284513,-0.000150886
-0.000743398,0.000602864
-0.000394194,4.4801e-06
-0.000209193,0.000123958
0.000159297,0.000156594
-0.00035325,-0.000503126
-0.00029268,0.000345344
-0.000266728,-8.67658e-05
-0.00037422,-0.000372987
0.000474861,-0.000290807
-0.00024745,9.76724e-05
0.000269395,0.000149923
0.000187136,-0.000121971
0.000163965,0.000118059
6.20704e-05,0.000508583
0.000349124,0.000325909
3.38983e-05,-0.000394557
0.000592625,0.000307938
-0.000484214,0.000169509
0.000491331,-0.000369213
-0.000372845,0.0004766
0.000315055,-6.88225e-06
0.000550396,-5.81273e-05
-3.98468e-05,-0.000345966
6.41615e-05,3.8521e-05
0.000317405,6.27689e-05
1.07448e-05,-0.000367816
-0.00036661,-0.000147173
-0.000544547,-0.000517792
0.000589155,0.000242896
-0.000300056,0.000276607
7.86355e-05,-0.000455506
0.000309945,0.000100179
-0.000562238,0.000450711
-0.000115595,0.000398948
0.000513226,0.000143101
-0.000410361,-0.000107
-0.000120187,-0.000145697
-0.000230445,0.000397747
5.27448e-05,-0.000158596
-0.000529916,4.00163e-06
-0.000128062,0.000243225
0.000606453,0.000709953
0.000113139,0.000174892
0.000208554,-7.36714e-05
-0.000237686,0.000396666
-0.000126069,7.67725e-06
0.000157284,-0.000135867
-0.000199663,-0.000557026
-0.000214132,-0.000485716
-3.10415e-05,-6.12307e-06
2.35333e-05,8.63004e-05
-0.000564793,0.000451667
-0.000558946,4.20353e-05
0.00056975,0.000156704
-4.59062e-05,0.000444462
0.000334465,-0.000278248
0.000261855,0.000520969
0.000147003,-0.000126784
-0.000186217,0.000575755
-0.000289709,-0.000181716
-0.000193945,-0.00134005
-0.00032708,0.00045029
-0.000122152,0.000357923
-9.26887e-05,-0.000106107
0.00017189,0.000140307
-0.000213427,7.99793e-05
-0.000220827,-1.97618e-05
-6.7473e-05,-0.00018033
-8.1389e-05,7.63945e-05
0.00012281,-0.000401397
-0.000424322,0.000464247
0.000183375,-7.94152e-05
-0.0002821,6.10768e-05
0.000139979,-0.000322263
-0.000322802,-9.35055e-05
-0.000138869,-0.000224204
-0.000399868,-5.21422e-07
0.000517523,-0.000353502
-0.000174851,1.91348e-05
0.000188471,-7.61988e-05
4.22068e-05,-0.000228627
-0.000427423,-3.81214e-05
-0.000396521,0.000211661
-0.000499525,0.000168592
3.34146e-05,0.000350093
0.0166836,0.0291725
-0.00058173,0.000541931
-0.000232749,0.00037355
-1.73457e-06,-0.000342319
0.000340613,-0.000205769
-0.000795941,-0.000307152
0.000240654,3.79202e-05
0.000476578,0.000281281
0.000141613,-7.82275e-05
-0.000590733,-0.000197028
-0.000613526,-0.000731023
0.000605887,-0.000780614
9.04458e-05,0.000296953
0.000568115,-0.000349514
0.000573752,-0.00017849
4.75498e-05,-4.5444e-05
-0.000336535,-0.000233673
-6.24648e-06,4.10171e-05
-4.20492e-05,-0.000269772
0.000587805,-0.000106507
-0.000156493,0.000145301
0.000156954,-0.000163496
0.000288327,0.000158836
0.000264934,-0.000182137
-0.000447268,0.000903041
-0.000124666,7.87547e-05
-0.000421244,-0.000184344
-0.000179984,0.000117108
9.44293e-05,0.000265556
-0.000133842,0.000475858
0.000273413,-0.000333173
0.000419448,0.000355687
0.000232743,9.05167e-06
-0.000296592,0.000504004
0.000357412,0.000234019
-0.000369834,0.000188136
-0.000371346,-9.14766e-05
-6.40539e-05,0.000492913
-0.000416432,-0.000367306
-1.05548e-05,0.000121155
-1.78792e-05,-9.41576e-06
-0.000389961,-0.000352556
0.000311961,8.86502e-05
0.000415553,-0.000443586
-0.000301581,-0.000122615
-0.000296468,0.000200187
0.000311965,0.000242187
0.000106082,-0.000577087
0.000512112,0.000118386
0.000404351,0.000294326
-0.000322553,0.000259658
0.000398776,-7.56356e-05
-1.32594e-05,-0.000316763
0.000412056,-0.000154907
0.000146746,-4.22544e-05
0.000188432,-6.54352e-05
-0.000152206,-7.67184e-05
0.00015531,0.000196046
0.000260867,0.000342085
0.000121483,0.000547423
-0.000231196,-0.000235359
4.0011e-05,-0.000280785
-0.000344762,-3.37161e-05
-5.63435e-06,0.0350096
-0.000592202,-6.01936e-05
0.000320346,0.000402922
-9.26448e-05,-0.00034893
0.000207259,-0.000355759
0.000512958,-0.000130763
-7.6039e-05,-0.000477046
0.000230801,-0.000266092
-0.000289406,0.00034336
0.000230836,0.0002939
-8.77074e-05,0.000317425
0.0474797,0.0128098
0.000189008,-0.00015549
9.73976e-06,-4.99821e-05
-0.000481062,-4.66831e-05
0.000249312,-3.84457e-05
0.000218476,-0.000182472
-0.000294914,-0.000243986
-0.000247008,0.000279288
0.000583199,9.27958e-05
-0.000585943,0.000381712
-0.000707597,0.000662152
-0.000121137,-0.000514805
2.03491e-05,0.000557312
0.0297038,-0.0387901
0.000324264,-0.000485704
9.21652e-06,0.000389674
-0.000494317,0.000336703
0.000556188,-0.000238031
-0.000394501,-0.000526987
-0.000219067,0.000220719
-1.4107e-05,-7.73667e-05
-0.000337627,2.73937e-05
-0.000393939,0.000226964
-0.000527213,-0.000363815
0.000206687,0.000487804
-0.000221327,4.64614e-05
-0.000136917,0.000579562
0.000495529,-0.000142009
0.000258444,1.97995e-05
-5.93696e-05,-5.20432e-05
-0.000322822,-0.000230209
1.34079e-05,-0.000310885
-4.19329e-06,0.00022208
0.000193728,0.000349873
-6.12531e-05,0.000295728
-0.000308415,0.000524179
1.40422e-05,-0.000192055
-0.000315779,-0.000198334
0.000417724,0.000485595
0.0003405,0.0001821
-0.000319225,-0.000570381
0.00115093,0.000129437
0.0001726,7.60682e-05
7.69423e-05,0.000284874
-4.31518e-05,-0.00013302
0.000270625,-0.000160228
0.000484368,-0.000536489
-4.02744e-05,-3.03416e-05
-0.00034478,0.000521704
-0.00035764,-0.000111504
0.000425195,0.000599731
-0.00020011,8.46621e-05
0.000248701,0.000121548
-8.69602e-06,-0.000235891
-0.000224762,-0.000484418
0.000229627,0.000319709
-0.000368903,-7.3308e-05
-0.000181187,-0.000381327
0.00054441,-0.000219207
-0.000325264,-0.000539459
0.000428908,0.000423574
-3.91127e-05,0.000187634
0.000212568,1.11624e-05
-0.000182989,-0.000173475
-0.000137632,-0.000227761
0.000181744,-0.000159909
5.63125e-05,0.000137206
-0.000280777,0.000330057
0.000290551,7.61247e-05
0.000245662,-0.000162971
-9.94648e-05,-0.000481246
0.000411643,-0.000528193
0.000165402,-0.000350396
-0.000296764,0.000126194
-7.89808e-05,-0.000252142
-0.000531306,-0.000328799
0.000103094,-0.000538349
-0.000313021,-0.000103118
-9.00217e-05,0.000294349
0.000276508,-0.000220373
0.000528639,-0.00021236
-0.000245178,0.000209775
0.000263721,-5.48652e-05
2.86316e-05,0.000215589
-0.000275252,-5.164e-06
0.000324983,0.000571752
-0.0002146,-2.98142e-05
0.000496631,-0.000182024
0.000405204,0.000172097
-0.000219845,1.85285e-05
-0.000165042,-0.000143965
-0.000113237,8.78033e-05
5.89668e-06,9.05439e-05
-0.000194623,0.000300884
-1.07297e-05,0.000123723
4.87758e-05,0.000543056
3.15877e-05,-1.73939e-05
-6.25708e-05,0.000243319
-0.000419523,-0.000316802
0.000115997,-0.000199579
0.000197714,7.25813e-05
3.58062e-05,0.00050053
0.000304768,0.000114393
0.000251438,-0.000441628
6.61567e-05,3.83543e-05
0.000528364,-0.00013714
0.000186823,0.000287816
-0.000135548,0.000571289
-9.65442e-05,-4.80561e-05
-0.000540197,-0.00021494
0.000150469,0.000346668
-0.000517009,-0.000493521
-0.000100138,-0.000379573
9.12838e-05,-0.000591984
-0.00025983,0.000506546
-0.000595859,-0.000278673
0.000106488,-0.000532359
3.36671e-05,0.000203102
6.79319e-05,0.000443596
-5.36187e-05,0.000134169
0.000585997,0.000391264
9.35841e-05,0.000382856
-0.000596536,0.00057513
-0.000237328,-1.95863e-05
-0.000408034,-0.000101546
-0.000288107,0.000140054
-0.000351346,-0.000435963
0.000604648,-0.000681566
0.000677904,0.000601352
-0.00011765,0.000317004
-0.000364087,2.22879e-05
4.59424e-05,0.000484502
0.000228614,0.000458064
-0.000355103,0.000584175
0.000541144,-0.000312425
0.000506252,0.00030293
-0.000179497,2.64975e-05
0.000107501,-0.00132878
-0.000364584,-0.000302989
-0.000215091,-0.000189402
4.26197e-05,0.000441704
8.50318e-05,-0.000188391
-0.000327548,0.000401001
0.00012595,-0.000370277
-0.000216072,0.00020925
-0.000149947,-9.8002e-05
0.000493295,-0.000250232
-1.6802e-05,-0.000147861
0.000445416,9.07383e-05
0.0003874,-3.79937e-05
-0.000108774,0.00028682
0.00055473,0.000355137
5.80166e-05,3.27107e-05
0.000240968,0.000237348
-0.000235685,-0.000253597
-0.000876525,-0.000249908
6.67464e-05,0.000342322
-0.00031216,0.000273623
-0.000380103,-0.000305087
0.00033493,0.000215261
-0.000594528,0.000284719
-0.000497752,0.000882312
0.000574681,0.000304598
-0.000124386,1.56711e-05
-0.000422973,-7.20047e-05
0.000252622,0.000330262
0.000742618,2.73653e-05
-0.000237559,0.000493682
0.000275509,-0.000330838
0.00017163,0.000596161
-5.05669e-05,-0.000507722
0.000560042,-0.000361693
1.07779e-05,-0.000258239
0.000211815,-0.000347124
0.00019611,0.000408401
-0.00030193,0.000198401
0.00030488,9.13306e-05
-0.000223413,0.000407862
1.04415e-05,-9.65124e-05
0.000200478,-2.77852e-05
-5.8186e-05,0.000236835
0.000418292,-0.000496458
0.0521921,0.00462214
-0.000297953,4.03823e-05
-7.79784e-05,0.000280453
-0.000349804,0.00050333
0.000464686,-0.000281091
0.00044473,-0.000265774
0.000277168,0.000233155
0.000553614,-0.00011893
0.000125057,-4.11758e-05
0.000146985,-0.000236354
4.98926e-05,-0.000226657
0.000138722,-0.000259543
0.000188562,0.000135146
-0.00035778,0.000187767
0.000103504,-0.000108192
-0.000332651,-9.14983e-05
0.000142837,-0.000224104
0.000324565,0.000192592
0.000154765,-0.000639442
0.000526696,0.000235765
0.0477949,0.0310098
-0.000118266,0.000258705
-0.000597619,0.000109694
0.00031723,0.000564313
1.22742e-05,-3.52485e-05
-0.000115156,-1.25212e-05
-0.000161589,0.000361712
-0.000466315,-0.00011797
0.000307458,0.000274881
0.000580754,0.000402389
0.000490723,-0.000577926
0.000422689,-0.000112152
-0.000297846,-0.000252563
0.000231161,-0.00039264
-2.93666e-05,-0.000135584
1.34768e-05,0.000262466
-0.000255738,0.000344672
0.000104748,1.58449e-05
-0.00016815,0.000464314
-8.49343e-05,0.000532761
-4.97084e-05,0.000570326
-5.49359e-05,-0.000105576
-9.49822e-05,0.000539062
0.000327269,-0.000323525
-0.00018008,-0.000129101
0.000988295,-8.15328e-05
0.000178105,-0.000354269
5.58341e-05,-0.000325201
-2.07463e-05,5.67958e-05
0.000296275,-1.76756e-05
-0.000302846,0.000249012
-0.000182777,0.000162311
0.000373189,0.000552027
-0.000358258,-0.00049582
0.000135763,0.000364383
-0.000232436,-0.000286884
0.000201766,0.000474987
-0.000575897,0.000397543
-0.000697336,0.000604799
3.61726e-05,-0.000286677
2.88618e-06,-0.000299536
0.000161187,-0.000220847
-0.000326647,-0.000181896
-0.000205686,0.00049661
9.68392e-05,-0.000273943
-0.000481126,-0.000482896
-0.0220943,0.0256796
0.000137056,-5.98789e-05
0.000462283,0.000205795
0.000321193,-0.000185654
-4.61002e-05,0.000578964
-0.000266685,0.000405957
3.55461e-05,-0.000268535
-0.000217932,0.000242353
-0.000169161,6.23931e-05
-0.000391195,-0.00046578
0.000183045,0.000182309
-0.000487006,0.000186993
-0.000127604,-0.00036851
-0.000165754,6.09904e-05
0.000193431,-0.000257584
-8.63451e-05,-0.000684425
-6.14426e-05,1.50122e-05
6.77012e-05,3.24931e-05
0.000181583,0.000380841
-0.000143218,0.000513722
-0.000280963,-0.000330641
7.02131e-05,-0.000596602
0.000300997,0.000283547
0.000376381,0.000585884
-6.12007e-05,-0.000130293
0.000595934,4.83017e-05
0.000206184,-0.000595269
-0.000540242,-0.00056786
-0.000493016,-0.000367713
0.000329123,0.000433634
-0.000504818,0.000185541
-2.37605e-06,-9.27213e-06
-0.000173748,0.000133785
0.000375429,0.000235641
0.000298519,-0.000175607
-0.000215551,0.000299296
8.23939e-05,0.000515943
0.000362312,-0.000570775
2.67746e-05,0.000415917
4.12243e-05,-0.000426924
0.000325216,0.000105356
0.000403736,-0.000296036
0.000335336,-0.000316488
0.000254267,-4.2512e-05
-8.96108e-05,-0.000130004
7.88534e-05,0.000495438
-0.000184283,0.000388892
0.000119273,2.75799e-05
-0.000123609,-0.000393242
2.63853e-05,-0.000225435
-0.000129481,0.000469778
6.83724e-05,-0.00014029
-0.000201428,0.000402103
-0.000513482,0.000346094
8.42162e-05,-0.000390749
-3.36641e-05,-3.71568e-05
0.00055497,0.000279413
-0.000245834,-0.000110739
-3.67721e-05,-0.000560595
0.000306888,-0.000141456
0.000583263,0.000290506
-0.000149954,5.42431e-05
-0.000556153,0.000190013
-0.000274001,0.000311937
0.000274168,-0.000292357
-0.00025196,0.000325514
-0.000279866,-0.000391573
-0.000364258,0.000279734
-0.00017955,-0.000321564
3.37294e-06,-8.12097e-05
-8.15469e-05,0.000320974
-0.000199431,5.13143e-05
7.87197e-05,0.00017032
-5.00378e-06,-0.000133938
-0.000213242,5.6033e-05
9.65076e-05,3.24315e-05
3.28775e-05,-0.000117582
0.000365807,0.000316226
-0.000399636,0.000597095
0.000218684,0.00121527
0.000283417,0.00016069
0.000602008,-0.000397906
-0.000231098,0.000501982
0.000113694,-0.000156079
0.000234004,-0.000236621
0.000420931,-0.00034427
0.00124299,-0.000224262
0.000212442,-0.000422144
-0.000269297,0.000407971
0.0352369,0.0458271
0.0001479,-0.000119
0.000857212,0.000613421
0.000566049,-0.000534566
0.000303751,-0.000135866
0.000110085,-0.000230667
-0.000438842,-0.000563373
0.000292941,6.06806e-05
-0.0005997,-0.000173922
-0.000558396,-0.000400403
-0.000506077,0.000106737
-0.000138702,-5.1531e-05
0.000521603,0.000434778
0.000487755,0.000762157
0.000473668,0.000240498
0.000265135,0.00014719
0.0002395,-0.000101198
0.000370683,0.000172277
-0.000327174,-0.000115295
0.000107532,7.34733e-05
-0.000804861,0.000772835
-4.27032e-05,-0.00050435
-0.000511168,-0.00029641
5.30699e-05,0.000115533
6.90338e-05,-0.000102701
-0.000119056,0.000206205
0.000185669,0.000435381
-0.000419272,-0.000480409
0.000404675,-2.83709e-06
0.000128147,0.000398287
0.000171579,-5.2685e-05
-0.000515884,0.000446193
0.000211429,-0.000377865
-0.000283879,0.000180044
-0.000213523,0.000200782
-0.000294484,0.000535606
-0.00037092,0.000311555
-0.0254557,-0.0584631
-0.000190049,0.000142717
0.000440745,-0.000221771
-1.31501e-05,-0.00047556
0.000188678,0.000352897
-0.000103566,0.000114754
2.04743e-05,-0.000496527
-0.000162881,-0.0006344
-0.00017421,0.000332106
0.000132017,-0.000209873
-0.000295794,5.44014e-05
0.000594819,-0.000300348
0.000305241,4.7248e-05
3.52017e-05,-0.000212736
-0.000466472,0.000313423
0.000323971,0.000215447
0.000293402,-0.000170318
-0.000254358,-0.000332075
0.000193489,-0.000144862
-0.000380944,-0.000122072
-0.000111317,-7.64272e-05
-5.4569e-05,-0.000188552
-5.83561e-06,0.000548961
-0.000165434,-0.000513371
-0.000244477,-0.00012841
-5.58373e-05,0.000560469
-0.000260508,-8.38062e-05
-6.62045e-05,0.000586455
0.000170822,-0.000297536
0.000148831,0.000203567
0.000285751,6.74881e-05
-0.000264308,-9.23628e-05
-0.000113088,4.85842e-05
-0.00029632,0.00026503
0.000367928,-8.74849e-05
-0.000332292,-0.000170026
-0.000214848,0.000312512
3.44502e-05,-0.000508508
-5.10661e-05,0.000115312
-0.000149209,0.000235959
0.000321091,-0.000469444
0.000119408,5.59321e-05
0.000152445,-1.3644e-05
-6.59796e-05,0.000294548
-0.000334648,0.000299672
0.000248761,-0.000206808
-0.000499887,-0.000381886
-0.000563674,0.000168761
-0.000396685,-0.000162014
-0.000102262,0.000322365
-2.56968e-05,-0.000112056
-0.00331319,0.0390528
-0.00036168,0.000390372
0.000370237,-0.000101274
8.6734e-05,7.25069e-05
-0.000174823,-0.000157438
1.83261e-05,0.000147491
-0.000348406,-0.000159635
-1.37863e-05,0.000200163
0.000292449,-0.000298293
0.000355815,-4.32249e-05
-0.000465712,0.000210913
-3.77518e-05,0.000256965
-7.98816e-05,-0.000255167
0.000332726,-0.000209725
-0.000196016,0.000203713
-0.00046088,0.000285666
0.000255089,-5.0852e-05
0.000320356,-0.000275917
-0.000305077,9.78902e-05
8.3318e-06,4.68311e-05
0.000199068,0.000321153
-0.000310503,-0.000499086
-0.000186369,-0.000212954
-0.000427505,0.000212294
-2.13891e-05,-0.00049363
0.000277566,-4.45724e-05
-0.000514107,0.000261098
-9.69576e-05,-0.000516325
0.000357494,-0.000261484
-0.000200261,-0.000579082
0.000194111,-0.000272588
-3.11084e-05,0.000124444
0.00059946,0.000547786
0.000288302,-0.000155316
-0.000482799,0.000170713
-0.000330917,0.000378669
4.53117e-06,0.000217421
0.000310564,0.000593435
3.86822e-05,0.00050009
-9.36484e-05,-0.000389748
-0.000445798,0.000119895
8.90596e-05,3.50713e-05
0.000132937,-6.95286e-05
0.000190912,-0.000458449
-5.87057e-05,0.000267379
-0.000352892,-0.00053156
-0.000389312,0.000583521
0.000434164,-0.000327367
-0.000352006,0.000253599
0.000595063,-2.00424e-05
0.000240177,0.000368378
-0.000349419,-1.59737e-05
-0.000296514,2.98072e-05
-0.000114871,7.44962e-05
-0.000281556,-6.18895e-05
0.000220528,7.30897e-05
-0.000572494,-0.000320323
2.90684e-05,-5.67391e-05
-0.000234803,3.69655e-05
-3.71318e-05,0.000582544
0.000592664,-3.96907e-05
0.000260639,-0.000305956
0.000470558,-0.000417649
0.0004296,-0.000315555
-0.000473452,0.000523688
-0.000140197,8.47148e-05
-0.000246198,0.000256461
-0.000340575,0.000257128
0.000440792,0.000523499
0.000115233,-0.000154059
-0.000206011,-0.000317094
9.85639e-05,0.000179038
-0.00032334,0.00025703
-0.000114831,-9.57311e-05
-0.0002681,-0.000432446
-0.000582265,5.77376e-05
-0.000274976,2.53012e-06
-0.000278424,-0.00024748
-0.000608577,-0.000151435
0.000486564,-7.49355e-05
0.000432904,-0.000215493
0.000147121,-7.43392e-05
0.000381838,-0.00050031
0.000406862,0.000154591
-0.000247573,0.000469028
-0.000272225,0.000320575
-0.000389036,-0.000353501
9.02404e-05,-0.000170449
5.54407e-05,-0.000114291
7.00232e-05,-0.000369282
-0.000272575,-4.62798e-05
0.000105797,0.000181074
3.50088e-05,-0.000262544
-0.000311768,-0.000519382
0.000192392,-0.000241894
-2.1506e-06,-3.09785e-05
0.000140566,0.000291159
-0.000290474,0.000270035
5.38947e-06,0.000298279
0.000294608,-8.93826e-05
0.000486856,-8.27378e-05
-4.46381e-05,0.00022821
-0.000602638,-3.01981e-05
-0.00120378,-0.000179931
0.00131983,-0.000521967
0.000313697,-0.000206934
-0.000270943,7.62231e-05
-1.17634e-05,-0.000183079
-0.000282458,2.32505e-05
0.000547347,0.000316733
0.000371158,5.18057e-05
-0.000747436,0.000607759
0.000135515,-0.000438823
-0.000470063,-6.76157e-05
-9.47318e-05,-0.000228537
0.000190782,0.000344805
-0.000215438,-0.000170504
-0.000423606,0.000315216
-0.000254625,-4.35295e-05
-0.000272314,0.000710139
-3.84645e-05,-0.000284011
-0.000166599,-0.000429203
0.000220381,-0.00018313
0.000534,0.0269119
0.000221789,-0.000411343
-0.000353163,-8.85183e-05
-0.000164932,3.12063e-05
-3.30705e-05,0.000258348
-0.00050602,-0.000221789
-0.000469768,0.000546453
-0.000160218,-0.000428506
-3.69052e-05,-0.000460493
-0.00016253,-0.000187312
-0.000595883,0.000325845
0.000599285,0.00019126
-0.000446283,-0.000294819
-0.000232002,-0.000422169
0.000914473,0.000421031
0.000132083,-8.21712e-05
-2.13115e-05,3.04278e-05
-9.52521e-05,-0.000511185
0.000252377,-0.000339899
-0.00029,0.000201892
-0.0281873,-0.0315775
-7.3797e-05,0.000958998
0.000147898,9.72249e-05
0.000144798,-0.000369427
-0.000221735,-0.000130873
-0.000184609,-0.00122098
-0.000583194,0.000331951
5.13826e-05,-6.25618e-05
0.000150058,-0.000254529
-0.000102483,0.000579969
0.000195063,0.000137993
-0.000145836,-0.000231106
0.000213981,0.000145236
-0.000173645,0.000224199
-1.35263e-05,0.000306023
0.000161617,-0.000197843
0.000123625,0.00030988
-0.000417352,-0.00031779
0.000452266,0.000596494
-0.000154651,-0.000208712
-0.000147756,-0.000599434
-0.000110227,3.41829e-05
0.000501581,0.000390349
3.17948e-05,0.000100554
-0.000323391,-0.000412954
-1.56085e-05,-0.000112348
0.00014307,0.000288352
0.000376655,0.000352919
-0.000381091,3.24089e-05
-9.93661e-05,-0.000485575
0.000111649,-0.000196405
0.00014654,8.43351e-05
0.000444923,-0.000115385
-9.54341e-05,0.000636424
-0.000448403,-0.000271437
-3.02329e-05,9.92595e-06
-6.36767e-05,-0.000482166
0.00019567,0.000588505
0.00042984,-0.000136725
-0.000184503,9.24317e-05
-0.000428766,-0.000578132
-0.000304384,0.000245985
3.40972e-05,-0.000785279
-0.000291931,0.000370505
0.000467212,-0.000172677
-0.000502221,-0.000126019
0.000198604,0.000469026
5.96236e-05,-7.76467e-05
-0.000243947,-0.000503385
0.000328092,-4.60358e-05
-4.82329e-06,0.000135291
-0.000419274,0.000557941
0.00019147,0.000143309
0.000348115,-0.000263777
-0.000385638,3.25548e-05
-8.07988e-07,-0.000416497
-0.000464765,0.000187489
-0.000191153,-1.78301e-05
7.86328e-05,-0.000461382
-0.000137033,-0.000325559
0.000532927,4.29212e-05
-8.17789e-05,-0.000586422
0.00120357,-0.000643117
0.000161885,5.2894e-05
-0.000191088,0.000284788
0.000127313,-0.000300291
0.000171316,0.000449638
4.10534e-07,0.000499374
-0.000261998,-0.000218591
0.000170222,0.000191461
0.00024461,-0.000547669
6.09893e-05,1.67949e-05
-0.000163546,-6.02407e-05
2.7537e-05,-0.000466324
0.000456165,0.000581185
0.000188157,0.000277792
7.6786e-05,-0.000596215
0.000420084,-4.20214e-05
-4.28969e-05,-0.000203126
-5.42064e-05,-0.000416052
-8.75725e-05,0.000166254
0.000241777,-0.000449277
0.000398059,8.07928e-05
0.000495833,0.000480409
0.000346188,-0.000236457
0.000367796,0.000133697
-0.000102352,-0.000105887
0.000132743,-7.53581e-05
-0.000386952,0.000178547
-0.000122058,-0.000239734
-0.000193112,0.000311573
0.000310818,0.00034764
-0.000377291,0.000257136
0.000167469,-8.56975e-05
1.5189e-05,-0.000221424
-8.55316e-05,-0.000213568
0.00060436,-0.000631182
-0.000177977,0.000198042
0.000291972,0.000309313
2.69738e-05,-0.000385055
-0.000522638,-0.000239887
0.000336536,-0.000499052
0.000187743,-0.000294969
0.00028931,-0.000444193
-0.000252416,0.000267539
-0.000312947,-0.000480112
-0.000207292,3.08196e-05
-0.000309369,1.25361e-05
-4.3233e-05,-0.000280552
-0.000397195,8.66133e-05
0.000253853,6.48895e-05
-0.000256707,0.000387921
-0.000204534,0.000358473
-0.000496247,8.76744e-05
-1.54771e-05,-0.000189676
-6.06546e-06,0.000265902
0.000128719,-0.00058585
-0.000398708,-0.000149115
-0.000246781,0.000217047
-0.0251345,0.00539278
-0.00018178,-0.0001682
0.000415955,0.000166776
9.88635e-05,-0.000130238
5.85876e-05,0.000200928
-0.000555485,0.000442921
0.000224154,4.93442e-05
-0.000206161,2.88797e-05
-7.97959e-05,-0.000391607
0.000531871,-0.000224485
0.000114306,0.000403432
-0.000279414,0.000213937
-0.000419045,8.36294e-05
0.000449901,5.64181e-05
-0.000300579,0.000148497
-0.000374784,3.6507e-05
3.57114e-05,0.000245975
0.000347815,0.000563301
0.000190965,0.000292996
-9.83296e-05,0.000431274
-9.65244e-06,0.000193932
9.39031e-05,-0.000544302
-0.000123869,0.000209799
-2.28568e-05,6.94868e-05
-0.00012437,-3.46664e-05
0.000135712,-5.15614e-05
0.000251148,-0.000265733
-2.97801e-05,-7.32297e-05
-0.000257922,0.000258185
-0.000110271,-0.000429461
0.000197671,0.000114704
-0.000129278,9.95744e-05
-3.23486e-05,-0.000351232
0.000304998,-0.000250429
-0.000145053,7.89599e-05
-0.000141854,0.000157343
0.00010652,0.000235932
0.000388212,-2.40043e-05
0.000319722,-0.000210065
-0.000566177,-4.00647e-05
-0.000709308,-0.000227618
-2.3707e-05,5.04344e-05
0.000603077,-0.000544523
0.000261186,-0.0001417
-0.0462147,-0.0247369
-0.000149649,0.000293305
0.000469114,-0.000204899
-0.000426599,4.7844e-05
-0.000351905,-0.0001153
-0.000128414,-0.000472557
-0.000387599,0.000476711
0.000543136,0.000472509
3.7788e-05,0.000438663
7.20723e-05,8.34187e-05
0.000167287,-3.35534e-05
-0.000140326,0.00015458
-0.000135037,0.00013347
-6.20032e-05,0.000167237
0.000254038,-0.000150142
-0.000221821,-0.000350159
0.00040197,0.000486484
-9.37704e-05,0.000515357
0.000273933,-0.00035606
9.42665e-06,-0.000417846
-0.000306866,-0.000156786
-0.000169437,-0.000225099
-0.000100328,-0.000578708
-0.00313907,-0.0419358
-0.000538167,0.000104745
-5.0153e-05,-0.000295786
-0.000405925,0.000125267
0.000142318,-0.000425438
-5.67109e-05,-0.000164171
-1.63101e-05,-3.88053e-05
5.04015e-05,0.000367693
0.000521037,-0.000645116
8.01128e-05,8.41887e-05
0.000310864,-0.00010096
0.0479353,-0.0243017
0.000209907,-0.000271565
-0.000326205,0.000147772
0.000466734,3.61522e-06
0.000283843,-0.000364964
-0.000189051,-0.000557548
-0.000442388,-0.00022258
0.000369812,0.00024916
4.259e-05,-0.000441271
-0.000368196,4.8685e-05
-0.000145812,-1.27258e-05
-0.000367474,0.000310819
-7.82222e-05,0.000269895
0.000169812,-9.83276e-05
0.000272222,1.69918e-05
-0.000216542,-0.000155548
8.42256e-06,-0.000310116
-0.000270198,-3.56583e-05
0.00017743,0.000216872
-0.000342467,-0.000167999
-3.49425e-05,0.000359965
0.000210138,0.000222788
0.000462419,0.000337176
1.50667e-05,-0.000247146
0.000509051,-0.00020596
-1.57166e-05,0.000239863
0.000123719,-7.00538e-05
-6.91897e-05,0.000160259
1.80714e-05,-0.000339612
9.52977e-05,-0.000357331
4.5779e-05,-6.92224e-06
-6.03311e-05,-0.00036915
0.000489004,-0.000316084
0.000165472,-0.000497169
-0.00058641,0.000158458
0.000376718,-0.00058623
-0.000112968,6.01882e-05
-0.000401328,-0.00034783
-0.000503388,0.00021154
0.000321992,0.000381147
0.000157362,0.000202101
-0.000349843,0.000370541
-0.000226851,0.000493457
-1.50256e-05,-0.000117897
0.000422777,0.00031569
-0.000129589,9.45619e-05
-0.000232713,0.000323297
-0.000481881,0.000209261
-0.000264167,-6.30866e-05
-2.8957e-05,1.28279e-05
9.19412e-05,-8.21723e-05
0.000217401,-0.000545672
-0.000243139,-8.74126e-05
3.8525e-05,0.00032124
4.70202e-05,0.000163609
0.000130801,-0.000452716
-0.000125803,-1.41708e-05
0.000239084,-4.29888e-05
-3.07973e-05,-0.00046528
0.000367467,-0.00031036
0.000119922,0.00037681
-0.000270181,-0.000593312
-0.00031064,-0.000214269
-0.000409497,2.57439e-05
-8.07037e-05,0.000462518
0.000544504,0.000123673
-0.000489407,-0.000339719
-3.57916e-05,-9.78505e-05
0.00081035,0.00156817
8.10399e-05,-6.7083e-05
0.000292628,0.00019425
-3.03781e-05,0.000637778
0.000429769,-5.30849e-05
-0.00018122,0.000477116
2.49598e-05,-4.51397e-05
0.000230235,0.000379259
0.000134763,5.39229e-05
-0.00432015,0.0533293
-0.000314399,-0.000158279
-0.0242579,0.0316501
0.000251438,-0.00014995
-0.000108711,0.000181477
-0.000806688,-0.0006299
-8.63305e-05,-0.000282376
-0.000108399,-0.000385351
1.52925e-05,0.000295397
-0.000522965,-0.000328332
0.000329425,0.000303326
-0.000409568,-4.40841e-05
-7.13155e-05,-0.000172738
0.000579725,-0.00034097
0.000347768,-0.000592352
-0.000321179,-0.000189519
0.000366885,0.000111516
0.000160755,-0.000302599
0.000126616,0.000593372
-0.000590893,-0.000296811
-0.000135879,0.000462891
-0.000570922,0.000295863
0.000153859,0.000267103
0.000235839,0.000452728
0.000588392,-2.40411e-05
-0.000118615,-0.000366186
-9.46443e-05,-5.29199e-05
-0.000519684,0.000242926
0.000559394,1.57835e-05
0.000296064,-0.000120138
0.000149686,-0.000341582
-0.000269622,-0.000343282
-0.000527109,8.71623e-05
0.000499949,-0.000286403
-0.000191525,0.000154904
4.46629e-05,-0.000127393
0.00013467,8.13533e-05
-0.000367998,0.000404629
8.64355e-05,-0.000191442
0.000165569,-0.000281573
0.000369754,-0.000219633
2.4472e-05,3.76368e-05
0.00059371,-5.84917e-05
0.0002326,-0.000261324
-0.000239925,0.000470883
8.79873e-05,5.3588e-05
-9.74317e-05,0.000452894
-0.000110507,-0.000246055
0.000175052,-0.000136338
0.000221924,1.59863e-05
-2.36706e-05,8.23634e-05
-6.1729e-05,0.000268667
6.3145e-05,0.00059347
7.6119e-05,0.000614934
0.000511762,0.000436786
0.000225184,-0.000465932
-0.000212721,0.000576785
-0.00035827,0.000306995
0.000116547,-8.02921e-05
-0.000565472,-0.000480392
0.00030572,-0.000127888
7.43208e-05,-8.41282e-05
-0.000247166,-4.40758e-05
-0.000506326,8.89772e-05
0.000253854,-0.000188722
-0.00014312,-1.40646e-06
-8.3942e-05,5.0625e-05
-0.000180641,-1.74226e-05
-0.000325739,-0.000272562
0.000340786,-0.000463304
0.0001953,8.29174e-05
-0.000584537,0.000322986
-0.000174092,0.000381662
-0.00010386,0.000461246
0.000345278,-0.00028571
0.000225795,-8.14439e-05
-0.000434638,-8.87318e-05
0.000412889,-1.63031e-05
0.000504931,-9.26143e-05
0.000225535,8.74585e-05
-0.000128913,-0.000245655
0.00055552,3.70989e-05
-0.000554198,-0.00010338
-0.000185024,0.000540929
0.000452886,1.80678e-06
0.000380945,0.000536655
0.000625298,-0.000740466
0.000602174,0.000604408
-0.000311362,-5.01728e-06
0.000100227,0.000156702
-0.000439514,0.000575249
-0.000255516,0.000562527
0.000534375,-6.50946e-05
0.000286839,-0.000184889
0.000104937,-5.19959e-05
-0.000271155,-0.000344756
-0.000260141,0.000135587
-0.000340494,6.18114e-05
0.000323197,0.000208503
6.81957e-05,0.000171009
-0.00039376,-0.000311475
-0.000173785,-0.000240263
-4.20438e-05,-5.8228e-05
-0.000589708,-0.000228688
7.06662e-05,-0.000283364
0.000310849,-0.000253524
8.13892e-05,-8.09417e-05
-0.000126425,3.00312e-05
-0.000439045,0.000599377
-0.000205741,0.000371441
-0.000186898,0.000324626
-0.000369633,0.000377181
-4.00083e-05,0.000418928
-0.000537961,0.000324704
0.00053158,6.56329e-05
0.000294003,-7.15429e-06
-0.000307837,-0.000546694
0.000290999,-0.000573676
0.000104674,0.000429828
-0.000573,0.000286753
0.000539171,0.000539443
-0.000195076,-0.000410631
2.58223e-05,8.49233e-05
0.00120774,-0.000311094
-0.000341845,0.000293447
-0.000576349,0.00043053
0.000326425,-7.90596e-05
0.000504923,-8.4754e-05
0.000151099,-0.000598076
0.000173922,-0.000509939
0.000401594,0.000265628
0.000206129,-0.000476956
-4.33572e-05,0.000369658
-0.000461446,-0.00036063
-0.000195855,-0.000461031
0.000550633,0.00020401
-4.25163e-05,-9.78949e-05
-0.000151009,0.000408846
0.000575085,0.00038322
-4.93536e-05,4.06374e-06
-0.000391236,-0.000108569
0.000272393,0.000411283
5.20636e-05,-0.000268993
5.78621e-05,6.01398e-05
0.000113962,-0.00038767
-0.000216069,5.12539e-05
-9.84526e-05,0.000506616
-0.00029477,0.000278196
0.000486574,-7.6956e-05
0.000121597,0.000140272
0.000420752,0.000255802
0.000503672,-0.000150152
0.00010907,6.41068e-05
0.000307071,0.0003517
0.00106943,0.000105187
-0.00046406,0.000239646
-0.000178756,-0.000204633
-0.000559654,-0.000231571
-0.000580858,0.000103131
-0.000419628,-0.000118746
0.000577947,0.000400401
0.000224749,-0.000240212
-5.61203e-05,-0.000349434
0.000484005,0.000456796
-0.000650932,4.69232e-05
5.64303e-05,-0.000590143
-0.000175349,-0.000397093
-0.000555324,0.000553485
0.000491626,-0.000583878
3.56982e-05,-0.000531053
-5.8875e-05,1.44124e-05
-0.000455456,-0.000345546
0.000488728,0.000186804
-0.000203735,-3.25785e-05
-2.41761e-05,0.000493817
-0.000378215,0.000176416
0.000263085,-0.000345885
0.00012697,-0.000285792
-0.000368648,0.000574186
3.33014e-05,0.00019153
0.00048773,3.61214e-05
-0.000406733,-0.000226254
-0.00012856,-0.000275241
-0.000289797,-0.000162434
0.000137546,-0.000205832
-0.00033683,-0.000342804
0.000207067,-0.000375627
-0.000596307,-0.000157664
-0.000239972,-0.000166695
-0.000516183,-0.00063395
0.000474608,-0.000469993
-0.00039375,-2.24543e-05
-0.000455976,-0.000131101
0.000372804,-0.000343224
-6.28366e-05,-0.000434273
0.000507464,-5.58151e-05
0.000388961,-0.000378835
0.000474266,0.000260397
0.0497254,-0.000889134
0.000557852,0.000162994
0.000168782,6.13343e-05
0.000320994,-0.000270302
0.000274067,0.000103199
3.72124e-05,-0.000173744
-7.62369e-06,0.000207155
3.63222e-05,-0.000385277
0.000168547,0.000585545
1.33003e-05,0.000363074
-0.000358226,-0.000370231
5.91076e-05,-0.000259365
-0.000387519,3.9773e-05
-0.000195755,-0.000113628
0.000346913,-9.87957e-05
0.000375818,0.000754334
0.000391298,-0.000283891
0.000319028,-0.000212356
-0.000409237,-0.000291994
-0.000495502,4.60599e-05
0.000131808,0.000310856
-0.000303236,0.000270886
0.000454518,-0.000244048
0.000115086,-0.000351982
-0.000324403,1.62947e-05
-4.07732e-05,-5.13e-05
8.3728e-06,0.000345236
-5.59503e-05,0.000237266
0.00044358,-0.000123887
0.000584881,1.35255e-05
0.000293721,-5.31337e-05
-0.000563539,0.000240924
-0.000333913,0.000147598
-0.00016952,-0.000118372
-8.91903e-05,-0.000117138
7.84867e-05,0.000118063
0.000113093,-1.70623e-05
0.000354957,-2.60754e-05
-0.000173128,0.00010362
0.000103882,0.000137005
-0.000577681,-0.000100088
0.0159746,0.0172016
-1.30082e-05,2.32785e-05
-0.000175085,0.000418754
0.000335532,-1.06128e-05
-0.000117673,0.000239872
0.00044364,0.000192899
-0.000164403,0.000101531
0.000168689,0.000592541
0.00058456,-9.20922e-05
-0.000330446,0.000117283
0.000299094,-0.000360026
0.000450023,-0.000503027
-0.000100954,-6.52093e-05
0.000324173,0.000180999
0.000594144,-0.000487363
-7.49265e-08,3.3019e-05
-0.000592795,-0.000174761
-0.000429304,-0.000356778
-0.051377,0.0011884
-0.0345414,0.0432975
-0.00012879,9.74085e-05
-0.000339398,-9.28273e-05
0.000106903,0.000174054
-0.000587007,0.000328577
-0.000288728,0.00018651
8.4428e-05,0.000393393
-0.000108658,-0.000458786
0.000276951,9.83385e-05
-0.000260156,0.000350381
-0.000142523,6.44279e-05
6.37273e-05,7.46928e-05
-0.000366803,-0.000189858
2.92236e-05,0.00041031
-0.000495431,-0.000119244
-0.0141111,-0.0113128
0.000297007,-0.00035492
0.000226289,5.1506e-05
-4.06865e-05,-0.000339661
0.000503894,-0.000342015
0.000310083,-0.00033851
-9.4722e-05,-0.000151901
6.10915e-05,-0.00015756
0.000216467,-0.000537545
-0.000395964,-0.000231437
0.000109914,0.000580933
2.34022e-05,6.07093e-05
-0.000614914,-0.000355462
-0.00120919,0.000519314
0.00157934,0.000335666
2.7192e-05,-0.00030671
0.000188801,0.000503606
-0.000124927,0.000261721
0.000508246,6.5042e-06
-3.24446e-05,-0.000513427
0.000560558,-0.000503094
0.000109842,-5.36504e-05
0.000207453,2.71995e-05
8.26371e-05,0.000555041
0.000395646,-0.000300216
-0.000319155,-0.000160956
-0.000176386,0.000172396
0.000238034,0.000103116
-8.49764e-06,0.000137938
-4.89519e-05,-0.000230752
2.94774e-05,-0.000366103
-0.000200005,0.000117577
-0.000326612,0.000275185
-0.000107426,-0.000297946
-0.000449052,0.000214514
1.75352e-05,0.000130947
0.000296132,0.000140135
3.66799e-05,0.000122072
-0.00036611,-5.47983e-05
-0.000305959,-0.000133964
9.06505e-05,-0.0001315
0.000118368,3.7166e-06
0.000522731,6.43018e-07
-3.91794e-05,0.000138673
0.000285891,4.96043e-05
0.000531932,-0.00054529
-0.000165956,-0.00120146
-0.000467636,-0.00024364
-3.1046e-05,0.00121286
-0.000580513,0.000483624
0.000392034,0.000193049
7.91714e-05,0.000236867
-0.000801082,0.000617543
0.000988313,0.000813309
0.000112152,0.000595298
-0.000348853,-0.00010541
-0.000128978,1.52275e-05
0.000262405,-0.00021811
-0.000204964,-0.000108242
-0.000367875,-0.000365421
0.000528993,0.000387427
0.000571503,0.000353431
-8.18282e-05,0.000200027
-0.000261802,-0.000354621
-0.00015832,0.000160007
-0.000424209,-0.00041016
0.000136601,0.000327804
-0.000166009,0.000172453
-0.000270815,-0.000431261
0.00010802,0.000128151
0.000393788,4.25468e-05
4.2431e-05,-0.000619547
9.01661e-05,-4.9159e-05
-0.0264007,0.00878805
-0.000191154,4.92921e-05
-0.000313889,0.000228552
-0.000140058,-0.000115778
-3.00284e-05,-8.74709e-05
0.000381736,0.000509571
0.000555241,0.000498287
0.000180464,0.000116746
0.000185952,-0.00011751
-5.77246e-05,0.000533226
-7.27903e-05,0.000165904
-0.000159969,-0.000538181
-0.000123863,0.000567609
-4.33549e-05,-0.000374785
0.000566878,0.000137435
-0.000426809,-0.000377312
-0.000512236,0.000577483
0.0223919,0.0319666
0.000278688,-0.000164161
5.93368e-05,0.000143671
0.000266172,-0.000247327
0.00959661,-0.0509572
0.00026729,0.000489136
2.62243e-05,0.000257754
2.45231e-05,0.000471096
0.000171212,0.000589539
-0.000390182,0.000620351
-5.82441e-05,0.000240129
-0.00045525,0.000188036
4.16023e-05,-0.000454757
-1.11431e-05,0.00057854
-5.20974e-05,-0.00081071
-0.000153495,-0.000376148
-0.000170969,-9.58094e-05
-0.000546142,-7.90267e-05
0.000522908,8.1041e-05
7.82588e-05,0.000217583
-0.000355777,0.000474552
-0.000430064,-0.000472839
-0.000156386,0.000236273
-9.61014e-05,0.000241283
-0.000120645,0.000200638
7.07273e-05,-0.000365629
-0.000213779,-2.35094e-05
0.000252287,0.000240134
0.000243627,-0.000426683
0.000108501,0.000188846
-0.000215347,-0.000597788
-0.000172857,0.000445958
0.000248629,-0.000538567
4.30671e-05,-0.000173703
0.000514347,-0.00037912
0.000218055,-0.000119272
-4.0329e-05,-8.99193e-05
-0.000273191,0.000581009
-2.47611e-05,0.000338818
-0.000126811,0.000129884
-0.000177527,0.000144492
5.35605e-05,0.000215052
-0.000164745,0.000126614
-0.000371111,-1.45508e-05
-3.48479e-05,-0.000204721
-0.000487224,-0.000104668
5.23912e-05,-0.000247112
-0.000246403,-0.000108714
0.000283078,2.40527e-05
4.15764e-05,0.000169939
0.000102844,-0.000598757
0.000130224,0.000256237
0.000664834,-0.00040178
-5.22313e-05,0.000540289
-8.06062e-05,0.000565119
-0.000581291,-0.00039341
5.52167e-05,6.29998e-05
2.90605e-05,0.000536405
-0.000360435,0.00032985
0.000282007,0.000269903
0.000407226,0.000379263
1.85155e-05,0.000167759
-0.000105996,-0.000505261
-1.12879e-05,-3.7174e-05
0.000756054,-0.000867559
-0.000569701,0.000294371
3.25195e-05,-0.000252294
-0.000561746,0.000581142
-4.90733e-05,0.000454067
-0.000288744,-3.95328e-05
-0.000331829,0.000109004
-0.000463279,-0.000260015
-0.000484699,0.000506917
-9.55532e-06,-3.04239e-05
5.46443e-05,-0.000373663
5.70073e-05,-0.000167117
0.000298125,-1.58457e-05
0.000191688,-7.65725e-05
0.000152416,-0.000172289
1.60431e-05,-0.000440722
0.00013826,-3.56001e-05
-0.000475543,-0.000304316
6.30808e-05,0.000370043
-0.000598184,-0.000563572
8.9788e-05,-0.000343547
0.000435163,4.73571e-06
0.000529127,2.29268e-05
-1.63066e-05,0.000358629
0.050795,-0.0258453
8.30885e-05,0.000555528
0.000238512,-0.000521072
0.000301925,-5.62936e-05
-0.000274006,-0.000237471
-4.6945e-05,-0.000323215
-0.000174207,-0.000346943
-0.000168205,-0.000595765
-0.000541117,0.000278849
-0.000446099,0.000395383
0.000252641,0.000227285
-0.000117496,0.000255106
0.000430599,-9.60641e-05
-0.000261926,8.68242e-05
-6.48633e-05,6.56995e-05
0.000133025,2.38609e-05
-0.000308816,-0.00013859
-0.0501207,-0.0243279
-8.63578e-06,-0.000248929
-0.000254046,0.000373873
-0.000353577,-1.76043e-05
0.00033518,-0.000335291
-0.000490912,-0.000224724
0.000245646,0.000341177
-0.000140966,-0.000453991
0.000501297,-0.000499965
9.28783e-05,9.30724e-05
-0.000200775,-5.87966e-05
-9.97217e-05,-5.2e-06
-0.000275146,-0.000222532
0.000471102,-0.000281179
-0.000520901,5.90929e-05
-0.000507607,0.000281597
0.000327975,-0.000430916
0.000605725,0.000253619
0.00120707,0.00016131
-0.000353844,0.000507305
-0.000259869,0.000133711
0.000229681,-4.34486e-05
-5.53186e-05,0.000181665
-0.000220125,-0.00018501
-0.000323257,8.95127e-05
0.000127245,0.000158428
-0.000353134,0.000340438
0.000142513,1.56583e-05
0.000391298,0.000103998
0.000266091,-0.000241452
0.000583477,0.000450264
-2.97086e-05,-0.000418374
-0.00058733,-0.000355032
-3.68646e-05,-0.000419076
-0.000508141,-0.000377258
-0.000275155,0.000133188
0.000360249,-0.000351798
-0.000479636,-0.000466866
-0.000106087,-0.000328544
-0.000272204,-9.2399e-05
0.000258801,-0.000541129
0.000319697,0.000243685
-0.000516571,-0.000281927
-0.000589648,0.000120306
0.00023126,1.84756e-06
0.000212105,0.000581744
-0.000210551,8.84841e-05
-0.000562631,-0.000220346
-0.000132584,-0.000165398
0.000451723,0.000107784
0.000587242,-0.000419274
-0.000322786,-0.00153276
0.000369808,-0.000355699
0.0239149,0.0418563
0.000199745,-0.00029001
0.000571623,0.000548733
-0.000593385,0.000411128
-0.00014201,0.000465866
6.12295e-05,-0.000572879
-0.000414122,0.000279677
4.75762e-05,-0.000343553
0.000111284,0.000305036
0.000115742,-0.000350204
0.000598817,-0.000102528
0.00034892,0.000424277
-0.000295426,4.07862e-06
0.000543152,0.000451153
0.000111972,-0.000125357
-1.16809e-05,-0.000200925
0.000136664,0.000197571
3.85594e-05,-0.000583486
-0.000112179,9.53437e-05
0.000549107,0.000195867
-0.000394032,0.000138881
0.000585629,-0.000189626
5.9315e-05,-1.54271e-05
-0.000343518,3.26458e-05
-0.000111395,0.000477803
0.000198627,6.5906e-05
-4.03019e-05,0.000226267
8.50076e-05,-3.33589e-05
-0.000160453,0.000213049
0.000317871,0.000223605
-2.59013e-05,0.000577686
0.000460906,-0.000212102
1.09081e-05,0.000471988
0.000109646,0.000572708
0.000475211,-2.90923e-06
3.96499e-05,-0.000350252
0.000242482,-0.000324706
-0.000351999,2.19993e-05
0.00011453,0.000221321
-9.12908e-05,-4.6097e-05
0.000235514,-0.000184049
-0.000572388,4.62265e-05
0.000392148,-0.000154705
-0.000116081,-9.28606e-05
-0.000567755,-9.62683e-05
-9.48834e-05,5.66944e-05
-0.000576498,-0.000115564
0.000503616,-0.000231093
0.000362561,0.000263857
0.00125584,-0.000606061
0.00033212,0.000275504
-0.000556244,0.00012441
0.000280168,0.000585827
-6.21547e-05,0.000172039
0.000312387,-0.000193803
-0.000164674,0.000109552
0.000419859,-0.000218269
-0.000209411,0.000524132
-0.000662145,-0.00112811
0.000231066,0.000346874
-3.35903e-05,-0.000589446
-2.57821e-05,-4.49622e-05
0.000445721,-0.000333502
0.000299856,-1.82181e-05
-0.00016726,4.20419e-05
-2.38312e-05,7.98685e-05
0.000165358,0.000213146
0.000170186,-0.000712147
0.000553216,0.000227984
0.000132417,0.000216255
0.000187846,-0.000310282
0.000598651,-0.000434932
-0.000166869,-0.00033516
0.000356571,0.000556006
-0.000569429,6.55478e-05
0.000103231,0.000205928
-0.000311166,0.00016123
0.00058818,0.000246558
-0.000444371,0.000292111
0.00059779,0.000244844
-0.000106409,5.60527e-05
6.35944e-05,6.74239e-05
0.000134184,-0.000453594
0.000165689,0.000133836
-0.0003149,0.000189235
-0.000641402,3.49012e-05
6.12384e-05,-0.000362528
0.000334628,0.00028435
-6.11457e-05,-0.000430628
0.000357821,-0.000407673
-5.45586e-05,0.000248074
4.56063e-05,0.000114161
-0.000582618,0.0001077
-0.000125732,5.7979e-05
0.000296126,-0.000559154
-4.74721e-05,0.000388914
0.000168339,0.000177555
0.000151971,0.00035586
0.000215685,8.4095e-05
-5.27234e-06,-0.000531816
-0.000246205,0.000357283
-0.000478035,-0.000396127
-0.000366947,-6.0879e-06
0.000390234,-0.00012646
-0.000121845,0.000221413
0.000198906,0.000696379
0.000599844,0.000140893
-0.000154899,8.40215e-05
5.24633e-05,-5.35078e-05
-0.000470645,0.000285082
0.00053863,-0.000284834
0.000472983,1.39267e-05
0.000250961,-8.40953e-05
0.000282934,1.1657e-05
0.00022729,-0.000152698
0.000165163,0.000181698
-0.000396331,-0.00013249
0.000168308,-5.54116e-05
-0.000257939,0.00024415
0.000577321,0.000387633
-1.25304e-05,-0.000300666
-0.000336606,-0.000121404
0.000158595,-0.000251304
2.9875e-05,0.000116736
0.000118844,2.34649e-06
-2.30988e-05,-0.000289508
0.000494271,-0.000433148
0.000217983,-0.000508341
-0.000224763,-9.64647e-05
-0.000380716,0.000121054
0.000561275,-0.000342301
-0.000272181,0.00028084
-8.89197e-05,-0.000293047
0.00027245,-0.000121144
0.000574516,0.000439905
0.000117779,1.18546e-05
0.000142847,0.000504319
9.70549e-06,-0.000449782
3.37938e-05,2.45219e-05
0.000149098,-0.000365797
-5.14837e-05,-0.000186701
0.000254479,-0.000469281
0.000337964,0.00050125
-9.06916e-05,-0.000545207
-0.000378445,3.60515e-05
-0.0324537,0.0105659
0.000156572,0.000373537
-7.70769e-05,0.000191506
-0.000350533,-0.000261824
0.000105263,-0.0004288
-0.000173321,0.000458941
0.000563861,9.65124e-05
0.00085059,0.000611549
0.000149662,0.00033695
0.000556313,0.000282383
3.54604e-05,0.000286482
-0.000418984,0.000166802
0.000139712,0.000159181
0.00017568,-0.000514239
-0.00042991,3.3195e-05
-5.99823e-05,0.000111694
0.000158902,0.000174321
0.000110526,-0.000262186
5.04088e-05,-0.00030972
0.000399859,0.000582573
-0.000253363,0.00122515
-0.000534332,0.000203028
4.10396e-05,-0.000345644
-0.000102785,-0.000479951
0.000158637,-0.000155161
-0.000163039,-0.0004247
-0.000227378,0.000537608
-0.000344128,0.000403676
-1.60169e-05,-0.000545297
6.4011e-05,1.19398e-05
-2.37931e-05,-0.000278724
-0.000550648,0.000136193
5.58388e-05,0.000572408
6.71895e-05,0.000158318
-0.000106395,0.000171733
-2.3727e-05,6.73815e-05
0.000236008,0.000206305
-3.30464e-07,-0.000401438
0.00034523,-0.000197943
0.000708881,-0.000235993
0.000375154,0.000124019
-0.000458364,-0.000176146
-0.000545529,-0.0005677
3.99023e-05,5.84699e-05
0.000175296,-0.00102724
0.000352636,0.000581837
0.000156079,-0.000153787
-0.000403306,0.000292525
-0.00015168,-0.000591494
0.000400952,-0.000333913
-2.98577e-05,-0.00030553
-0.000300377,8.1437e-06
2.07653e-05,-0.000331688
-6.67755e-05,0.000579896
-0.000495737,-9.65071e-05
-3.93398e-05,-0.000272671
0.0004017,6.52239e-05
-0.000193531,0.000102292
-0.000551515,0.000121954
9.318e-05,0.000164471
-5.41632e-05,0.000286956
-0.000247761,0.00055999
-0.00055782,0.000551748
-0.000129389,0.000585324
-0.000339859,-0.000332057
-0.000396572,-0.00028613
-6.63431e-05,0.000332489
0.000162171,-1.60815e-05
8.56526e-05,0.000523206
-7.11597e-05,0.00012333
0.000305373,0.000274188
0.00031587,6.26068e-05
3.2569e-05,-0.000127422
0.000242012,0.000582774
0.000810477,0.000762821
0.000135118,9.70314e-06
-2.20632e-05,-0.000341603
-0.000350743,-0.000543669
1.04421e-05,0.000186642
0.000368452,-0.000211529
-0.000395649,-2.74695e-05
2.92117e-05,-0.000164464
0.000330068,0.000249072
-2.1179e-05,-0.00013895
-4.99175e-05,-0.000465911
-0.000526734,0.000325399
-0.000155497,-0.000431493
-0.000515402,-0.000454464
-0.000216629,0.00039981
-0.000236133,-0.000593895
0.000436915,-0.000521325
0.000594202,3.08181e-06
-0.000182855,-0.000273446
-0.000349854,0.00058225
-0.00053186,-9.08841e-05
-0.00137785,-0.0512409
-0.000517588,0.000455331
-7.3825e-06,9.60813e-05
0.000478534,0.000533021
-0.000204525,4.48701e-05
-0.000393511,-0.000160585
0.000121404,-0.000545937
0.000239245,-0.000148078
0.000962548,0.000342705
1.85464e-05,0.000318304
0.000364067,-7.07096e-05
-3.34424e-06,-0.000317579
-3.19647e-05,0.000205627
0.000195475,-0.000274067
-0.000141003,-0.000356505
0.000382072,0.000289944
8.73751e-05,0.00080304
-3.97305e-05,-9.65468e-05
3.2379e-05,-7.63815e-05
0.000314816,0.000163256
0.000328084,2.07653e-05
-1.01629e-05,6.14935e-05
0.000125088,-0.000364284
0.000405507,0.000147026
0.000364772,0.000534665
-2.2466e-06,-0.000273427
0.000296324,-4.55734e-05
-0.000471058,0.000389214
-0.000355308,0.000174058
-7.17692e-05,-0.000307076
-0.0652001,0.00476205
-0.000553248,0.000259854
-0.000199588,0.000528484
5.5908e-05,0.000591429
-0.000614162,0.0013002
0.000240044,-8.71278e-05
-0.000316107,1.46592e-05
0.000568128,-0.000481549
0.000533245,-0.000329005
-0.000273576,0.000219508
-0.000238556,-0.000244354
0.000245915,0.000276932
-0.000183108,-0.000159548
-4.44443e-05,5.79935e-05
-0.000128774,-0.000595089
0.000505932,0.000274727
-0.000345368,0.000116802
0.000174121,6.43671e-05
4.96574e-05,1.67521e-05
5.35567e-05,0.000287225
-0.000324237,2.68505e-06
0.000395643,0.000248112
0.000120218,-0.000529978
0.000329077,0.000291545
-0.000303879,-0.0004861
-0.000468492,-8.14165e-05
-5.74856e-05,-0.00018244
7.04646e-05,0.000447864
-0.000200556,0.000471087
-0.000218228,-3.86764e-05
5.21972e-06,0.000215468
0.000193233,0.000159914
0.000137902,0.000490548
-0.000709668,-8.60252e-05
-0.000296744,1.51645e-05
-0.0003447,-1.25386e-05
0.000308871,0.000160779
3.43897e-05,-0.000282085
-1.89677e-05,-3.24847e-05
0.000241988,0.000228756
-5.61471e-06,0.000260471
0.000264844,-0.000228549
-0.000145495,0.000231303
0.000355051,-0.000209238
0.000215662,0.000462328
-0.000125019,-0.000375215
-0.000215281,6.32355e-05
-0.000173228,-0.000372528
-8.47741e-05,0.000438402
-1.34884e-05,0.000370877
-0.000116184,-0.000369387
0.000372226,9.54469e-05
-0.000241366,-0.000130947
0.000326574,-0.000266784
0.000208276,0.000201097
-9.39891e-05,0.000116312
-0.000585929,-0.000196625
0.00102444,-0.000710588
0.000344704,0.000363449
4.90091e-05,0.000496816
-5.68992e-05,0.000167521
-9.60928e-05,-0.000416033
8.66351e-05,-2.49934e-05
0.000287326,-0.000166144
-0.000437499,-0.000294878
-0.000158242,0.000415405
-9.76494e-05,-0.000187931
-0.000187874,0.000140127
7.53416e-05,0.000184443
-0.000351403,0.000246803
0.000302524,0.000298479
0.000157131,-0.000292863
0.0156027,0.0561597
-0.028666,0.0251912
-0.000143493,-0.000662561
-0.000193303,-0.000394737
-0.000145084,0.000331539
0.000169054,-9.62964e-05
-0.000286714,-0.000208883
0.000152384,0.000459803
0.000362362,-0.000226452
7.48012e-05,0.000266208
-0.000307114,0.000111448
-0.00042846,0.000319002
0.0001958,0.00024828
9.58141e-05,-0.00022664
0.000177578,0.000321868
-0.000116246,-0.000181032
-8.72669e-07,0.000290982
4.56186e-05,0.000267991
-1.72026e-05,0.000152123
6.14838e-05,1.02129e-05
0.000589019,-0.00031316
0.000190076,0.000367853
0.00060715,-1.05628e-05
-0.000124828,-0.000435302
-0.000633654,0.000234414
-2.98559e-05,0.000482981
-0.000327845,-0.00053613
0.000269489,0.000485304
2.6218e-05,-1.90854e-05
-0.00013313,-0.000202843
0.000165939,0.000598363
0.000300213,-0.000594823
-0.000352379,0.000396717
0.000413805,0.000165512
0.000538194,-0.000251233
0.000252146,0.000252935
-0.000484581,-0.000231121
8.50752e-05,-0.000568592
0.000111026,-0.000231375
0.000432201,9.5589e-05
0.0643446,0.0130634
-0.000146175,-0.000407438
0.000330962,-0.000340398
0.000165774,-0.000323963
0.000221076,-0.000475517
-0.000342708,-0.00041836
-8.44347e-05,0.000141572
6.86895e-05,5.05445e-05
-0.000101681,8.61879e-06
0.000543662,0.000172873
1.62971e-05,0.000212242
7.46154e-06,-0.000238481
-0.00016508,0.000113681
0.000364649,-0.000322916
-0.00022963,0.000123428
-5.63422e-05,-0.000315347
0.000104427,3.90554e-05
0.000133202,8.71154e-05
0.000328925,-0.000225886
-0.0001921,0.000225918
0.000238838,0.000578767
-0.000392174,-0.000305731
0.0003409,-0.000404088
0.000638179,-0.00116656
0.000403437,0.000114523
-0.000266799,0.000230938
-0.000152451,-0.000498274
0.000712069,0.000623871
-0.000191438,-0.000242289
-0.000370057,-0.00058674
0.000537688,6.94641e-05
0.00018204,0.000454103
0.000311622,0.000290505
-0.0474222,0.0177978
4.4775e-05,0.000427244
0.000101804,0.00059894
-0.000289188,8.11759e-05
0.000386796,0.000147061
0.000103642,-2.52339e-05
-0.00028696,-3.11048e-05
0.000393408,-0.000559646
-0.000194746,0.000558077
-0.000554451,0.000261755
-0.0212594,-0.0517911
-0.000247721,0.000488678
0.000286595,0.000278
-0.000421649,-0.000200548
-0.000216073,0.000554584
0.000106691,0.000198489
0.00018845,0.000594342
0.000433765,-0.000565688
-0.000555723,-0.000243489
0.000475904,-0.000242961
0.000374656,0.000212267
-0.000314757,0.000521909
0.000226663,0.000124981
-0.00121731,4.02569e-05
0.000478919,1.38256e-05
-0.000291286,-0.000531834
0.000321239,0.000312856
-0.000498792,0.000177831
0.000318411,0.000473124
-0.000463435,0.0004399
0.000351588,-0.000125818
0.000182211,6.34913e-05
6.45416e-05,-0.000330089
-8.6251e-05,0.000242079
-0.000567887,-0.000397652
8.04148e-05,-4.26331e-05
0.000164845,0.000571674
-0.000227113,0.000262191
-0.000342118,7.93629e-05
0.000530241,-0.000191158
0.000196922,0.000443747
0.00019472,0.000326674
0.000509355,-0.000105198
-0.000579099,0.000332133
-0.000253222,0.000293423
0.000133555,0.000458229
0.000598643,0.000205237
-0.00023449,-0.000152196
-9.55649e-05,0.000164936
-4.23729e-05,0.000432327
0.000351986,-3.12108e-06
0.000210597,0.000250992
0.000568424,-8.35243e-05
-0.00020662,-0.000527889
0.000478498,5.35382e-05
0.000208077,0.000180405
-0.000228699,0.000161435
-0.000199167,-0.000197318
-0.000500355,0.00018821
0.000263446,-0.000523232
-0.000366675,8.46465e-05
-0.000164376,0.00059045
4.60279e-05,8.86409e-05
0.000460134,-0.00039924
0.000364476,-0.000304713
-0.000137703,-0.000528527
5.37582e-05,0.000476928
0.000101292,0.000517749
-5.23061e-06,-0.000109779
-0.000176798,-3.36757e-05
0.000144432,1.99593e-07
-9.66538e-05,0.000468552
-0.000124659,-0.00025317
0.000285524,0.000242479
3.22842e-05,0.000430563
0.000239518,0.000166288
-8.51393e-05,-2.76969e-05
-0.000394694,0.00020045
0.000146893,-0.000709015
-0.000384948,-0.000462502
-0.000239876,-0.000165994
0.0560364,0.0267835
0.000265452,-0.000114268
-0.00047705,0.000210185
0.000461459,0.000485079
0.000234161,-0.00048414
0.000314977,-0.000575528
3.85416e-05,-0.000486509
0.000231531,5.32571e-05
-0.000132619,0.00012552
0.000558952,1.71703e-06
0.000392622,-8.21983e-05
0.000369598,0.000598977
0.0001125,-0.000247002
-0.000153356,0.00102779
0.000457669,0.000259211
-0.000479016,-3.25138e-06
-0.000167277,1.56707e-05
0.000225072,0.000302785
9.05978e-05,-0.000157511
0.00059373,0.000365098
0.000117067,-1.06142e-05
-0.000187967,0.000438124
-4.98652e-05,-0.000380203
0.000110214,1.21156e-05
-0.000100142,-0.00047835
0.000524594,-6.68637e-05
0.000319101,0.00023429
0.000291154,-5.01805e-05
0.000417497,-0.000210084
8.58966e-05,0.000140219
0.000485458,0.000162506
-7.53793e-05,-5.52751e-05
-0.000230261,-0.000320818
0.000517171,-0.000557202
-0.000404965,0.000203791
0.000233168,-0.00017306
0.000390842,-0.000258405
0.000292639,-7.4691e-05
0.000171367,-0.000212502
0.000390386,-0.000126051
-0.000116734,-0.000436966
-0.000217206,0.000350455
-0.000401827,-0.000488481
-0.000138174,-0.000426927
0.00015484,-0.000134391
0.000359414,-0.000353199
2.17418e-05,0.000296256
-0.00011416,0.000233109
4.53895e-05,0.000106461
0.00051433,9.53778e-05
0.000201862,0.000280319
-0.00057844,-0.000265191
0.000451857,8.39099e-05
-0.00039508,0.000121592
-0.000491841,5.57974e-05
0.000188236,-0.00058424
-2.45746e-05,-9.9706e-05
-0.00023926,0.000212918
-8.28712e-06,5.05629e-06
-0.000489883,-0.000186512
-0.000360882,-0.000215663
-7.06501e-05,1.51238e-05
-0.000374862,-0.000594614
0.000453577,-4.87095e-05
-0.000594785,0.000179653
0.000379021,-4.54287e-05
0.000285463,0.000484329
0.000239988,-2.85997e-05
-0.000754514,-0.00034935
-0.00070813,0.000631513
0.000317927,0.000295785
-0.000160705,-0.000599129
-0.0005877,-0.000233808
-0.000120897,-0.000453312
0.000107972,0.000267049
0.000382062,0.00019423
-0.00059713,0.000153672
-0.000205689,0.000351848
-0.000499546,0.000300732
0.000190473,0.000424521
0.00045987,-0.000217262
-0.000403949,0.00011469
0.0282774,-0.0054654
-0.000511405,0.000205926
-0.000281702,0.000375109
0.000491114,-3.51882e-05
0.00032597,-0.000180087
0.000381767,-0.00045641
0.000132678,-1.55178e-05
8.3662e-05,0.000225372
4.56678e-05,-3.83105e-05
-0.000559344,-4.35138e-05
-0.000325242,-0.000482071
-0.000396396,0.000322557
-0.000363511,6.66678e-05
-0.000154604,9.95663e-05
5.08365e-05,-0.000295308
0.000467024,0.000417457
2.02587e-05,-0.000116679
0.00010579,-0.000159455
-0.000233993,-0.000201627
-0.000572039,-0.000537834
-0.000583705,3.07372e-05
-0.000445077,-0.000219027
0.0630847,-0.0131479
0.000106377,-0.000311781
-4.32882e-05,-0.000470936
0.000351845,-0.000121851
0.000499034,-0.00015504
0.000502925,-0.000381795
0.000579724,-1.448e-06
-0.000136835,0.000133086
0.000204493,0.000231291
-0.000594531,0.000527325
-0.000565977,-0.000122392
0.000155806,5.75879e-05
-0.000245803,0.000367259
-6.8501e-05,0.000567092
-0.000175171,0.000283974
-0.000290569,-0.000459157
0.00034257,0.000300767
-0.000379629,4.36823e-05
-0.000149655,0.000143079
-9.44191e-05,-0.000585224
0.00037258,-0.000333655
-0.000151268,0.000391917
-0.000520584,0.000520573
0.000285059,-0.000275064
-0.00034927,0.000118741
0.000110908,-0.000101443
0.000297014,-0.000591245
0.0502658,0.0235228
-0.000235568,-6.49219e-05
-0.000545603,-0.000298821
0.000200569,0.000531748
0.000139928,-9.1843e-05
0.000122432,6.01708e-05
0.000406479,0.000478006
-0.000245578,0.000128168
-0.000464171,0.000521556
0.000597281,-0.000596557
0.000424843,0.000147766
-0.000165526,-0.00043115
-1.21212e-05,-0.000376112
-0.000153987,-0.000589912
0.000316576,-0.000286688
-0.000497685,-0.000392367
-1.79322e-06,-0.000552011
0.000220311,-0.000131686
0.000320849,-0.000555556
-0.000169131,7.78069e-05
0.000306547,-0.000175809
-0.000136706,0.000193953
0.000156287,-2.22306e-05
8.77058e-05,0.000468527
0.053451,-0.0062275
-0.00049175,-0.00013278
-0.000409759,0.000444299
0.000190029,-0.000576325
0.000213981,-0.000152671
-0.000501164,0.000215712
-0.000348419,6.92975e-05
1.56512e-05,0.000197595
0.000546599,-0.000212809
9.6843e-05,-0.000303173
-0.000458594,0.000274902
-0.00054082,-0.000490482
-0.000287646,0.000246605
3.11646e-05,-0.00041857
7.04503e-05,-0.000214731
-0.000589388,-4.24807e-05
-0.00029917,0.000386589
-2.01122e-05,0.000130252
8.6891e-05,-0.00022958
-0.000468588,1.83135e-05
-0.00025928,-0.000174424
0.000675133,-0.000330491
-0.000468039,0.000217296
-0.000699238,-0.000640425
-0.000195247,0.000324672
-5.423e-05,0.000165897
0.000232316,0.000580005
-1.98267e-05,0.000327918
-0.000218478,0.000409192
-0.000333103,0.000589515
-0.000454832,-0.000108701
-0.000373119,-2.98521e-05
0.000244386,8.85677e-05
0.000198046,0.000192882
-0.000323172,-0.000155773
9.84621e-06,2.8684e-05
4.46132e-05,0.0002218
-0.000127808,0.000331517
0.000384307,-0.000499375
-0.000555509,-0.000325878
0.000213578,0.000177066
0.000600067,0.000616867
-0.00056087,0.000302657
-6.55807e-05,0.000143727
0.000253265,4.22523e-05
0.000111896,-0.000554452
4.74482e-05,0.0002945
-1.30966e-05,-0.000461406
0.000303261,0.000330541
0.00147177,-0.000332136
-8.94194e-05,7.00626e-05
-1.72262e-05,0.000130811
0.000421592,0.000151527
5.61987e-05,0.000285192
-0.000189341,3.30135e-05
-0.000128422,0.00059975
6.42418e-05,-0.000251932
-0.000174053,-0.000168823
-0.000164512,-0.000658647
0.000269328,-0.000443851
-1.16712e-05,0.000301721
0.000171105,0.000115319
0.000315645,-7.56341e-05
0.000222801,-0.000101202
-0.000482221,-0.000144608
-0.000186874,0.000244569
-0.000227807,0.00018007
-0.000164096,0.000127726
-0.000304959,-0.000406148
0.000204167,-0.000555483
0.000403761,-6.03857e-06
8.5302e-05,0.000158548
0.000368788,5.8102e-06
0.000386656,-0.00037802
-0.000459596,-0.000293007
-5.64692e-05,-0.000471898
0.000202086,7.923e-05
-0.000475675,-0.00128622
-0.000132272,-0.000133313
-9.52914e-05,-0.000590931
-0.00025614,-0.000282996
-0.000125193,7.35882e-05
-0.000186929,0.000598634
0.000325868,-0.00010407
-9.32515e-05,0.000505986
-0.000146778,0.000559082
-0.000595036,0.000232233
0.000437888,-0.000181962
0.0164069,-0.0531635
-2.56611e-05,0.000239422
0.000217261,0.000128668
0.000190453,0.000257853
-0.000223394,-0.000174129
-0.000102605,2.5104e-05
-0.000359601,0.000147411
1.03249e-07,-1.93269e-05
0.000117782,-0.000183788
1.85024e-05,1.43783e-05
0.000157985,-0.000215639
8.71766e-05,-0.000537169
0.000202237,0.000168168
-1.6917e-05,-0.000157509
0.000225836,0.000441412
-9.07142e-06,0.000290674
-0.0150524,-0.0376763
-0.000215696,0.000365847
0.000287151,-1.05239e-05
6.36194e-05,-0.000444829
-0.000456632,-0.000249654
3.48217e-05,0.000674063
0.000589358,-0.000368688
-0.000447511,-0.000133502
0.000416883,0.00049412
-0.0223639,-0.0325902
0.000632613,-0.00116357
0.000263329,-0.000534888
0.000435797,0.00058264
0.000401352,-0.000106242
0.000450206,-0.000148506
-0.000407434,-0.000513743
0.000295088,0.00021655
8.85249e-05,0.000468288
-2.56335e-05,-0.000392298
-3.0507e-05,-0.000105429
-0.000198061,0.000428565
0.000129877,0.000484718
7.21816e-06,-0.000341202
-0.000288079,-0.000369426
0.000309576,5.85653e-05
-0.000234344,0.000542134
0.000301583,-0.000163374
-0.000553446,-0.000953942
-9.44997e-05,-0.000215649
-2.10716e-05,0.000182462
-0.000132834,0.000409314
0.000172381,0.000407947
-0.000121746,0.000596072
1.80686e-05,-0.000528259
0.000351536,0.000542229
-8.14847e-05,0.000257399
0.000561081,-0.00023742
-0.000478075,0.000145768
2.662e-05,-8.66468e-05
-5.10171e-05,0.000425747
0.000422851,-0.000238371
-0.000347799,-0.000329762
0.000590055,0.00017588
-6.11155e-06,0.000395477
0.000429927,4.34501e-05
3.61118e-05,-6.77899e-05
-0.000300052,0.000371465
-0.000331076,0.000590996
0.000192186,0.000353497
0.000165028,0.000203849
0.000430225,-0.000153777
-0.000332456,0.000107098
-0.000530629,-0.000219893
0.000279235,0.00020068
-0.000679645,0.000675063
-0.000233049,5.86053e-05
-0.000110344,0.000210793
-0.000206083,-9.49838e-05
0.000269767,-0.000127412
1.10909e-05,0.000279663
0.000595968,0.000438827
-0.000433462,0.000310177
-1.20418e-05,6.16089e-05
-9.30259e-07,0.000509172
-0.000548603,-0.000427857
0.00023974,-1.51019e-06
9.19446e-05,0.000396997
5.72054e-05,0.000424405
-0.000594447,0.000438955
0.000111072,1.70483e-05
-0.000366616,-0.000177909
9.60058e-05,2.28891e-05
0.000116523,0.000275667
-0.000187394,0.000484848
5.09567e-05,0.000552061
0.000545697,0.000194889
0.000547797,6.87647e-05
-0.000306238,0.000411009
-0.000595955,0.000195074
-0.0164689,0.0348811
-0.000360665,-0.000510059
-0.0005975,5.6387e-05
0.00014765,0.00058151
2.23626e-05,0.000106725
-0.000281038,-0.000460657
-0.000430906,-0.000485638
0.000471386,-0.000166268
6.83159e-05,-5.69374e-05
0.000300045,4.02434e-05
0.000256313,-0.000427293
4.89557e-05,0.000360242
-0.000567083,-0.000394562
-0.000530309,-0.000203854
-0.000312436,0.000496817
0.000251173,-0.00014281
7.66427e-05,-0.000369046
-0.000450255,5.46929e-05
0.000290317,-0.000118192
0.000144814,-0.000309565
-0.000126301,0.000229409
0.000227024,0.000320544
-0.000596808,0.000585871
-0.000545322,8.25971e-06
-0.000440567,-0.000585754
-0.000170541,0.000285457
0.000245235,-0.000330064
-0.000427811,6.36953e-05
-0.000224442,1.03411e-05
-0.000249571,5.18777e-05
2.67246e-05,0.000113744
-0.000123197,-5.0123e-05
-3.54275e-05,-0.000101432
0.000517639,-0.000267407
9.75211e-05,0.000111621
-0.000413702,-0.000336987
0.00033516,0.000350711
-0.000141018,0.000248862
0.000106938,-0.000294882
0.000296191,-0.00035242
-0.000158563,5.73678e-05
-0.000133145,-0.000158623
0.000138919,2.46231e-05
0.00059387,0.000168903
9.38705e-05,-0.000593207
-5.37893e-05,-4.70219e-06
-0.000219575,-9.14736e-06
0.000347568,0.000204105
-0.000588484,-5.96452e-05
-0.000580259,-0.00052099
-0.00021288,-0.000566164
0.000315406,-9.39302e-05
-0.000177943,-0.000593925
-0.00059468,1.36078e-05
-0.000269809,0.000231986
-0.000129993,-0.000450101
-0.000616681,-0.000458606
0.000585002,4.12107e-05
-1.52764e-05,-0.00042635
0.000125745,-3.51225e-05
0.000358508,3.57795e-05
7.53558e-05,0.000141768
0.0003093,-4.98276e-05
0.000161737,0.000482812
-9.95983e-05,0.000347664
0.000194834,-0.000477468
-0.000330368,0.000471789
-0.00012476,0.00031159
0.000162136,-0.000593734
0.000377115,1.24779e-05
-0.000220538,-0.000592496
-0.000306327,-0.000269426
0.000595675,0.000145997
-0.000559572,-0.000541215
2.76946e-05,-0.00015169
0.000262145,-0.000276811
-0.000246122,-5.93212e-05
0.000253004,-0.000277502
0.000462043,8.62129e-05
-0.000278076,-0.000247767
-0.000556572,-0.000307571
0.00059168,7.40594e-05
0.000168515,0.000180999
0.000286595,3.75701e-05
8.42768e-05,-0.000139367
0.000251591,0.000457279
-0.000290436,0.000329455
-0.000115156,-0.000555056
-0.00016197,0.000104188
-0.000375057,1.86744e-06
-6.24591e-06,0.000217874
2.38588e-05,-0.000151125
0.000487071,-0.000188686
0.000591701,0.000286739
-3.65366e-05,0.000148303
-1.13217e-05,0.000488701
0.000800203,5.04276e-05
-0.000524286,-3.23521e-05
-4.82136e-05,0.000535083
-0.000460578,0.00028213
0.000304536,-0.000317748
7.18526e-06,0.000333444
-0.000224962,0.000486386
-0.000440263,-0.000407807
-0.000483577,-1.92604e-05
-0.000488975,8.63139e-05
-0.000150353,-0.000103326
0.000144473,-0.000531876
0.000521344,0.000420809
-1.18618e-05,-0.000471773
0.000488793,0.000408415
0.000116898,-0.000187529
-0.000160817,-0.000198532
0.000519077,0.000408625
0.000439672,0.000803789
0.000379834,0.000190998
-5.55406e-05,-0.000141768
-0.000519797,-6.48644e-05
-2.6069e-05,0.000426647
0.000584036,-0.000157546
-0.000251678,-1.3183e-05
2.38407e-05,0.000454249
0.00050757,0.00031909
0.000123823,-0.000296999
2.3435e-05,-0.000301463
-0.00025308,0.000132633
0.000168709,-0.000275692
0.000180542,-0.000170132
0.000369283,-0.0005215
-0.000456867,-3.93726e-05
0.000716279,-0.000326219
0.000444839,0.000190823
-0.00027269,-0.000572235
0.000594602,-0.000219119
0.000334952,-0.000117835
-0.000474803,-8.9748e-05
-0.000512375,-0.000171647
-0.000487645,-0.00022285
7.28146e-05,-8.30702e-05
1.85756e-05,0.000591175
-0.000229039,3.70224e-05
-0.000134602,0.000205955
-1.26945e-05,0.000382749
-0.000141675,0.000373294
-0.000101771,4.7439e-05
0.000232306,0.000454163
0.000409282,-0.000387837
0.000307239,0.000185073
-3.20136e-06,-0.000527398
0.000182368,0.000155522
0.000152987,0.000540003
-0.000652637,-0.000697442
-0.000564951,-0.000490776
3.05435e-05,9.45371e-05
-2.91695e-05,0.000237106
0.000122924,0.000305
-0.000505302,0.000263402
-0.000205349,0.000147929
2.81185e-05,-0.000458019
-0.000199417,4.58403e-05
-0.000583648,8.64123e-05
-0.000204321,0.00025158
-0.000593397,0.000257535
-0.000555054,5.27967e-05
-1.30293e-05,0.00021106
0.000721309,-0.000920667
-0.000227153,0.000526358
-0.000463512,2.28995e-06
-0.000544699,-8.4531e-05
4.63564e-05,0.000526004
0.000125956,0.000546793
-0.000437596,-1.25418e-05
0.00022735,-0.000210159
0.00023788,0.000385289
0.000542303,0.000146289
0.00014051,0.000384928
-0.000636549,7.97801e-05
0.000332788,-0.0004019
-0.00765778,0.0372202
-0.000503674,-0.000412121
-0.000249552,-5.69295e-05
-0.000253406,-0.000412872
3.15709e-05,-0.00033905
-0.000176411,0.000721553
-5.40515e-05,-0.000332335
0.000486976,0.000174496
-9.83479e-05,-0.000521969
0.0239941,-0.0242308
0.000109401,-0.00024989
-0.000300329,-0.000109208
0.000383856,-3.19054e-05
-0.000320419,-0.000580394
0.00014668,6.32905e-05
-0.000489572,-0.000433292
-0.000118066,0.000173077
0.000367341,0.000227026
-0.000136427,0.000592807
-0.000409678,-0.000251849
-0.000204443,-6.17138e-05
0.000487969,-0.000178926
-8.08437e-06,-3.252e-05
-0.000149791,-0.000283708
-0.000344744,0.000242955
4.80345e-07,9.27938e-06
0.000101305,-9.97358e-05
-0.000341932,-0.000459787
-0.000151736,0.000270806
0.000596827,0.000268912
-0.000379821,0.000130899
-0.000552965,0.000113558
0.000294026,0.000431318
-2.22072e-05,-0.000208694
9.68471e-05,0.000584327
-0.000354226,-0.000120723
-0.000538424,0.000367704
0.000178899,7.40183e-05
0.000430918,0.000137062
0.000383546,-4.21234e-05
0.000395763,-0.000446235
-2.67072e-05,0.000397521
9.5675e-05,-0.00029764
0.000576245,0.000286542
-0.000593035,-0.000393662
-0.000139535,-0.00031025
-1.64613e-06,-0.000140038
-0.000393717,0.000377012
0.00016848,0.000591583
3.20795e-05,-0.000529366
-0.00053959,0.000342316
0.000438213,0.000338828
6.72459e-05,-0.000122348
-5.04952e-05,0.000214234
-9.57353e-08,0.000171483
-0.000517339,-0.000281439
-0.000587748,-0.00128712
-0.00037753,-0.000328087
-0.000523989,-0.000257856
-9.39802e-05,0.000124571
0.000378542,-0.000202664
-0.000206679,-0.000151837
0.00018668,-5.84851e-05
-0.000490109,-0.000470102
-0.000398969,-0.000515673
-0.000217548,-0.000307612
-0.000582073,0.000130664
8.89386e-05,1.21525e-05
0.00021029,0.000153303
0.000123559,-0.000517525
0.000394247,0.000502324
3.27917e-05,4.22594e-05
-0.000115458,4.71611e-06
0.000320712,-0.000151262
-2.54935e-05,-1.68498e-05
-0.000453337,-0.00043042
0.000205709,0.000103891
-6.35942e-05,-0.00014137
-2.53553e-05,-0.000349265
-0.000437651,-0.000145594
0.000452244,0.00053974
-0.000386052,0.000180541
-0.000482413,-0.000577414
0.000176628,-0.000516167
-0.000196358,0.000587936
-0.000461989,9.30559e-05
0.000126789,-0.000585346
-0.000249081,-5.08411e-05
0.000421839,-0.000452759
-0.000175151,-0.00030675
-0.000332167,0.000377214
0.00120818,-0.000261424
-0.000300905,-0.000850096
-0.0613609,0.0244228
4.26795e-05,-0.000244379
-0.000102895,0.000579592
0.00027793,0.000145695
-0.000372472,3.71907e-05
-0.000373212,0.00040544
6.4596e-05,0.000265957
7.19184e-05,0.000221913
-3.0701e-05,0.000192953
0.000522442,0.000215769
-5.21608e-05,0.000375673
1.98815e-05,0.000361396
-5.69431e-05,1.97881e-05
-0.000160577,0.000396858
4.18153e-05,-0.00036023
0.000307279,2.79621e-05
1.42114e-05,3.08929e-05
0.000100414,-0.000123105
2.04946e-05,-0.000281257
-0.000328277,-0.000155671
-0.00040296,0.000330254
-0.00024697,0.00012638
-0.000243477,0.000216454
0.000312241,-0.000124325
-0.000569494,0.000348171
0.000116055,-6.69573e-05
0.000375182,-0.000281579
0.000193352,3.83441e-05
-0.00025637,4.87566e-05
-0.000109265,-3.366e-05
0.000438058,-0.000353572
-3.7437e-05,0.000535833
0.000554289,-0.000524781
-8.29839e-05,-0.00033495
5.04189e-05,-4.82624e-05
-0.000271335,0.000198843
0.00027613,2.33203e-05
0.000125693,0.00034833
8.09563e-05,0.000409105
0.000243105,0.000402857
2.66442e-05,-0.000325546
-0.000251313,-0.000213226
2.29389e-05,0.000166604
-0.000281331,-0.000490641
-0.000202325,-0.000269061
-0.000352764,0.000463618
0.000163343,-0.000125707
0.0001033,0.000167958
-0.000276504,0.000401629
0.000155918,0.000329551
-0.000539868,-6.66724e-05
-6.3587e-05,-0.000148556
-9.67991e-05,6.46589e-05
0.00010511,0.000131823
-0.000109442,3.02412e-05
0.000403156,0.000508877
-0.000591368,0.000481753
0.00046572,0.000553976
-0.000469478,-0.000471669
0.000610848,0.00062428
0.000604394,2.48257e-05
-0.000829784,0.000657618
0.000421644,0.000178062
0.000307545,-0.000243364
-0.000415483,-0.000591055
-0.000512944,3.80151e-05
0.000596738,-0.000438164
-0.000206781,0.000324853
0.000594848,-0.00059489
-0.000568608,0.000342098
0.000252749,-3.50041e-05
-0.00055567,-0.000359512
0.000228474,-0.000398672
-0.000118441,0.00017932
-0.00011636,0.000228078
0.000291469,0.000433106
-0.000912798,0.000202801
0.000155249,0.000544869
9.70948e-05,0.000130107
4.99299e-05,0.000313556
-0.000271687,0.000464579
0.000253962,9.49772e-05
-0.000147985,-0.000210283
1.48509e-05,-2.07075e-05
4.40296e-05,-0.000207206
0.000251945,0.000170465
0.000211204,0.000355608
-0.000515417,-0.000217154
0.000183473,0.000414939
-0.000215916,-0.000109038
0.000405702,-0.000268058
-0.000578342,0.000107813
0.000579375,0.000336219
6.06998e-05,0.000344047
9.02506e-05,0.000206054
0.000144239,-0.000598612
-9.56078e-05,0.000358461
0.000258883,-0.000106389
0.00031537,-0.000527803
-1.32063e-08,0.000301707
0.00030978,-0.00012462
-0.00050442,0.00059412
0.000466099,0.000576619
0.000366884,-0.000339295
-0.000365128,0.000594339
-0.00070367,-0.000786627
-0.000541631,1.98881e-05
0.000245384,-8.82023e-05
0.00029072,-3.8231e-05
-3.4574e-05,0.000404809
-0.000554957,0.000190243
-5.59975e-05,3.78006e-05
0.00028991,2.62878e-05
0.00036434,-0.000590756
-8.80376e-05,-0.000101652
0.000182237,0.000125218
0.000546446,-8.47746e-05
-0.000423748,-0.000541024
2.72578e-07,0.000373644
1.78746e-05,0.000149553
-1.48462e-05,-0.000144174
0.000511644,-0.000248417
-9.7541e-05,-0.000460683
-0.000201205,-0.000544181
4.11309e-05,-0.00028068
-0.000129577,0.000503363
-0.000435362,-0.000147387
1.07137e-05,0.000160605
0.000134817,4.51755e-05
-0.000166147,0.000552035
0.000596473,0.000228589
0.000332558,0.000856256
0.000505112,-0.000126894
0.000367688,0.000239549
0.000180177,-0.000168545
-2.96568e-05,-2.27129e-05
4.18809e-05,0.000182737
2.35413e-05,1.46131e-05
0.000153178,-9.64432e-05
-0.000148272,0.000433555
9.14824e-05,0.000539505
0.000585494,0.000493378
0.000287301,-0.000243999
0.000357549,0.000170492
0.000393666,-0.000105013
-0.000522954,0.000425995
0.000423116,4.77695e-05
-0.0164539,-0.0404075
-0.000344126,-0.000215267
-0.000256006,0.000399961
-0.000491971,0.000168197
8.71336e-05,0.000180757
-0.000265444,-0.000148946
0.000569464,-9.79057e-05
-0.0330178,-0.01701
-0.000207027,5.26559e-05
-0.000374556,-0.000399329
-0.000405298,0.000569045
-8.98891e-05,-0.000490149
0.000554483,2.19325e-05
-5.24519e-05,0.000560543
0.000329963,-0.000251866
-0.000531543,-1.37133e-05
-0.000378922,-0.000268469
0.000303388,2.37176e-05
-0.000513036,-0.000342752
0.000277658,0.000352248
-0.000504578,0.000500855
-0.00046873,-0.000543862
0.000310414,4.83743e-05
0.0221739,-0.0468759
0.000310043,-0.000266807
-0.00058174,0.000237413
0.000189983,0.000112733
-4.99338e-05,3.04287e-05
1.84026e-05,0.000443259
-3.48033e-05,0.000302245
-0.000148712,-0.000392458
-0.000206315,-0.000453677
-0.000365353,0.000235116
0.000102752,0.000324393
-0.000523667,0.000248079
-0.000243409,3.12214e-05
-0.000421576,0.000192247
-0.0003195,0.000351888
0.000539343,-0.000431518
-0.000139431,4.48166e-05
0.000361718,-0.000372836
0.000516889,0.000242465
0.0456459,0.0225342
0.000167871,-0.00015103
-6.50216e-05,-0.000357462
-0.000503536,0.000228712
-2.27724e-05,4.98494e-05
-0.000365281,0.000190425
-0.000583823,0.000100479
-5.55497e-05,-0.000505882
8.41658e-05,-0.000507802
0.000316555,-0.000225143
3.08758e-05,-0.000427913
0.000379552,-0.000122041
0.000240701,-0.000577065
0.000384959,-0.00042939
-0.000195271,-0.000265794
-0.000203893,-0.000133616
8.08586e-05,-0.000304792
0.000511076,0.000376057
1.81405e-05,0.000567689
8.42484e-05,-0.000182604
-7.77741e-05,0.000294704
0.000253685,-0.000116423
0.000118632,-0.000290637
0.000182148,0.000385195
-0.000390471,-1.99905e-05
-0.000273418,0.00051481
0.000337242,0.000322738
-0.0002293,-0.000231481
0.000532075,0.000153776
0.000520576,0.000373119
-0.000109971,0.000428557
-0.000238447,-9.19056e-05
0.000289707,-0.000506448
-0.000138369,-0.000355527
0.000579651,0.000598356
0.000541037,-0.00017939
0.000143764,-0.000314817
0.000352697,7.14859e-05
0.000514234,-0.000453631
0.000593987,0.000296403
0.000355408,-0.000157437
-0.000273669,0.000150276
0.0224266,-0.0316413
0.000333789,4.13725e-05
5.4112e-05,0.000393578
6.50754e-05,-0.000105441
0.000356655,-0.000211574
0.000217145,-0.000252392
0.000373897,0.000269029
-0.000513732,-0.000323184
0.000100376,-0.000271972
8.05117e-05,-0.000557266
0.000494533,-0.000230062
0.000351367,6.31909e-05
0.000550366,-7.72821e-06
0.000152649,-6.04655e-05
-0.000597821,-0.000246226
0.000391679,-0.000596296
0.000244769,-0.000184025
-3.73694e-05,0.000594159
-0.000448779,-0.000149911
0.000447593,-0.000327478
-2.802e-05,0.000116509
-4.42776e-05,0.000594969
8.51769e-05,0.000198864
-0.000269325,0.000372735
0.000528302,5.82011e-05
-1.91477e-05,-0.000673718
7.67272e-05,5.32131e-05
0.000240386,-0.000225151
